"ttot","all_regi","all_enty","Val"
"2005","LAM","peoil",0.442879831960471
"2005","LAM","pegas",0.161835262931828
"2005","LAM","pecoal",0.0568582164478926
"2005","LAM","peur",0.000727827385829871
"2005","LAM","pegeo",0.0113696777084387
"2005","LAM","pehyd",0.0757831133343637
"2005","LAM","pewin",8.4030133087467E-5
"2005","LAM","pesol",6.98653569806429E-6
"2005","LAM","pebiolc",0.130630107905865
"2005","LAM","pebios",0.0104040145521529
"2005","LAM","pebioil",3.86832672650422E-5
"2005","OAS","peoil",0.457491246878542
"2005","OAS","pegas",0.193719970696628
"2005","OAS","pecoal",0.197670254089262
"2005","OAS","peur",0.00405105908465198
"2005","OAS","pegeo",0.0276949959200361
"2005","OAS","pehyd",0.0134529380618265
"2005","OAS","pewin",1.98098993086619E-5
"2005","OAS","pesol",2.51397277159047E-5
"2005","OAS","pebiolc",0.228802009429987
"2005","OAS","pebios",5.08918813648549E-6
"2005","OAS","pebioil",5.59786385540576E-5
"2005","SSA","peoil",0.0852756614851774
"2005","SSA","pegas",0.0159780933125989
"2005","SSA","pecoal",0.112182975417991
"2005","SSA","peur",0.000287386577487188
"2005","SSA","pegeo",0.00112507863395502
"2005","SSA","pehyd",0.00826449794444869
"2005","SSA","pewin",2.61051566899269E-6
"2005","SSA","pesol",7.85586277270309E-7
"2005","SSA","pebiolc",0.383904503991786
"2005","SSA","pebios",0
"2005","SSA","pebioil",0
"2005","EUR","peoil",1.06793284089358
"2005","EUR","pegas",0.586553717393725
"2005","EUR","pecoal",0.507865788948646
"2005","EUR","peur",0.0274467868869181
"2005","EUR","pegeo",0.00759093536487048
"2005","EUR","pehyd",0.0380179399422176
"2005","EUR","pewin",0.00855174376715037
"2005","EUR","pesol",0.000177779263269817
"2005","EUR","pebiolc",0.132358526525855
"2005","EUR","pebios",0.000656455026325851
"2005","EUR","pebioil",0.00462020078907733
"2005","NEU","peoil",0.0906029731504839
"2005","NEU","pegas",0.0380902638969944
"2005","NEU","pecoal",0.0533016442251267
"2005","NEU","peur",0.000614527734431048
"2005","NEU","pegeo",0.0034347317171131
"2005","NEU","pehyd",0.0279127049472
"2005","NEU","pewin",6.61661847944023E-5
"2005","NEU","pesol",2.70079224514545E-6
"2005","NEU","pebiolc",0.0141859058083517
"2005","NEU","pebios",1.61915443288152E-6
"2005","NEU","pebioil",8.09538545448812E-6
"2005","MEA","peoil",0.506420058626043
"2005","MEA","pegas",0.334002627874152
"2005","MEA","pecoal",0.0257811176063802
"2005","MEA","peur",0
"2005","MEA","pegeo",0
"2005","MEA","pehyd",0.00517355044456382
"2005","MEA","pewin",0.00010613336399394
"2005","MEA","pesol",0
"2005","MEA","pebiolc",0.0271962155335627
"2005","MEA","pebios",0
"2005","MEA","pebioil",0
"2005","REF","peoil",0.241514562089908
"2005","REF","pegas",0.619619404330721
"2005","REF","pecoal",0.309716618872937
"2005","REF","peur",0.00611512801423405
"2005","REF","pegeo",0.000474510234995418
"2005","REF","pehyd",0.0271718238991942
"2005","REF","pewin",5.20726318146583E-6
"2005","REF","pesol",0
"2005","REF","pebiolc",0.0148627105866148
"2005","REF","pebios",0
"2005","REF","pebioil",0
"2005","CAZ","peoil",0.20620483811142
"2005","CAZ","pegas",0.106591337890847
"2005","CAZ","pecoal",0.115229635390529
"2005","CAZ","peur",0.00234828694083575
"2005","CAZ","pegeo",0.00243575986078586
"2005","CAZ","pehyd",0.0450774722722339
"2005","CAZ","pewin",0.000345487376995411
"2005","CAZ","pesol",1.06968083893848E-5
"2005","CAZ","pebiolc",0.0300735059350429
"2005","CAZ","pebios",0.000247158797972961
"2005","CAZ","pebioil",0
"2005","CHA","peoil",0.492380444393476
"2005","CHA","pegas",0.0492751520987648
"2005","CHA","pecoal",1.87965717994633
"2005","CHA","peur",0.00232684124118967
"2005","CHA","pegeo",0.00304563148168291
"2005","CHA","pehyd",0.0443034895020116
"2005","CHA","pewin",0.000233818253248472
"2005","CHA","pesol",1.11322918382497E-5
"2005","CHA","pebiolc",0.228707286165534
"2005","CHA","pebios",0.000865816264084259
"2005","CHA","pebioil",5.83397853507846E-5
"2005","IND","peoil",0.162922002213835
"2005","IND","pegas",0.0366142546475309
"2005","IND","pecoal",0.263666933254949
"2005","IND","peur",0.000454015425381482
"2005","IND","pegeo",0
"2005","IND","pehyd",0.0124735149842582
"2005","IND","pewin",0.000717831475140234
"2005","IND","pesol",3.46722812516443E-7
"2005","IND","pebiolc",0.223715230923153
"2005","IND","pebios",0.000135824533571828
"2005","IND","pebioil",0
"2005","JPN","peoil",0.319619505862272
"2005","JPN","pegas",0.0983035203686989
"2005","JPN","pecoal",0.208270020244418
"2005","JPN","peur",0.00781364140427609
"2005","JPN","pegeo",0.00396509262368842
"2005","JPN","pehyd",0.00864734653009581
"2005","JPN","pewin",0.000198562915090622
"2005","JPN","pesol",0.000168811157742491
"2005","JPN","pebiolc",0.0116842549832779
"2005","JPN","pebios",0
"2005","JPN","pebioil",0
"2005","USA","peoil",1.25475469368173
"2005","USA","pegas",0.630808119624634
"2005","USA","pecoal",0.783316645786508
"2005","USA","peur",0.021945196921518
"2005","USA","pegeo",0.0113220655784129
"2005","USA","pehyd",0.0325279046745398
"2005","USA","pewin",0.00213520760912418
"2005","USA","pesol",6.25511606055794E-5
"2005","USA","pebiolc",0.0977760914806241
"2005","USA","pebios",0.0103721911464724
"2005","USA","pebioil",0.000410450411073112
"2010","LAM","peoil",0.514960293529547
"2010","LAM","pegas",0.187346176552986
"2010","LAM","pecoal",0.066903285311339
"2010","LAM","peur",0.000832244430776178
"2010","LAM","pegeo",0.00819844179388882
"2010","LAM","pehyd",0.0847329204922467
"2010","LAM","pewin",0.00203490056700903
"2010","LAM","pesol",9.97310803480914E-6
"2010","LAM","pebiolc",0.140567711349399
"2010","LAM","pebios",0.012894504067209
"2010","LAM","pebioil",5.09263553475984E-5
"2010","OAS","peoil",0.541841216050149
"2010","OAS","pegas",0.253586959369679
"2010","OAS","pecoal",0.225526048663815
"2010","OAS","peur",0.00409125607932856
"2010","OAS","pegeo",0.0187703418893432
"2010","OAS","pehyd",0.0186951058556329
"2010","OAS","pewin",0.000360254497795504
"2010","OAS","pesol",0.0001004741787744
"2010","OAS","pebiolc",0.245866916650407
"2010","OAS","pebios",5.53100003824544E-6
"2010","OAS","pebioil",6.5416101225911E-5
"2010","SSA","peoil",0.0997164898519025
"2010","SSA","pegas",0.0206267068798567
"2010","SSA","pecoal",0.116230609348661
"2010","SSA","peur",0.000317451230268385
"2010","SSA","pegeo",0.000958824661813031
"2010","SSA","pehyd",0.00957321746703598
"2010","SSA","pewin",0.000217304351417617
"2010","SSA","pesol",3.43366323869079E-5
"2010","SSA","pebiolc",0.43326144288803
"2010","SSA","pebios",0
"2010","SSA","pebioil",0
"2010","EUR","peoil",1.01779713985627
"2010","EUR","pegas",0.610829039408398
"2010","EUR","pecoal",0.403464176309627
"2010","EUR","peur",0.0277204555995757
"2010","EUR","pegeo",0.00591217755493589
"2010","EUR","pehyd",0.0419328616675514
"2010","EUR","pewin",0.0245120875121005
"2010","EUR","pesol",0.00497657324432249
"2010","EUR","pebiolc",0.17222640175226
"2010","EUR","pebios",0.000917238123011905
"2010","EUR","pebioil",0.00629277033088758
"2010","NEU","peoil",0.094141049980829
"2010","NEU","pegas",0.0481643820447084
"2010","NEU","pecoal",0.0562102010751324
"2010","NEU","peur",0.000620625440624257
"2010","NEU","pegeo",0.00443334768971554
"2010","NEU","pehyd",0.0310829838810477
"2010","NEU","pewin",0.000744957342820902
"2010","NEU","pesol",3.79128337976218E-6
"2010","NEU","pebiolc",0.0147970526958128
"2010","NEU","pebios",1.75971942675664E-6
"2010","NEU","pebioil",9.46018049855953E-6
"2010","MEA","peoil",0.588271292308636
"2010","MEA","pegas",0.497610600845105
"2010","MEA","pecoal",0.0289093982258663
"2010","MEA","peur",6.79862755216947E-6
"2010","MEA","pegeo",5.00450460937951E-6
"2010","MEA","pehyd",0.00665234815315306
"2010","MEA","pewin",0.000401418212930893
"2010","MEA","pesol",4.83581398001698E-5
"2010","MEA","pebiolc",0.0264026187791699
"2010","MEA","pebios",0
"2010","MEA","pebioil",0
"2010","REF","peoil",0.268954486718703
"2010","REF","pegas",0.596439522956351
"2010","REF","pecoal",0.350972075270173
"2010","REF","peur",0.00664401443768102
"2010","REF","pegeo",0.000340643680583519
"2010","REF","pehyd",0.0282128289612327
"2010","REF","pewin",7.20364423040506E-6
"2010","REF","pesol",0
"2010","REF","pebiolc",0.015944716818653
"2010","REF","pebios",0
"2010","REF","pebioil",0
"2010","CAZ","peoil",0.216136977814524
"2010","CAZ","pegas",0.109505189043451
"2010","CAZ","pecoal",0.100178943819798
"2010","CAZ","peur",0.00246690294987937
"2010","CAZ","pegeo",0.00322098227880167
"2010","CAZ","pehyd",0.0455735623632855
"2010","CAZ","pewin",0.00337062384907309
"2010","CAZ","pesol",0.000324362152827355
"2010","CAZ","pebiolc",0.0314979610958352
"2010","CAZ","pebios",0.000268615867878267
"2010","CAZ","pebioil",0
"2010","CHA","peoil",0.63977724032553
"2010","CHA","pegas",0.0806536332039758
"2010","CHA","pecoal",2.4205138945962
"2010","CHA","peur",0.00234969453775074
"2010","CHA","pegeo",0.00437898163497568
"2010","CHA","pehyd",0.0543793232730439
"2010","CHA","pewin",0.00609343662156046
"2010","CHA","pesol",0.000615347331983475
"2010","CHA","pebiolc",0.203510695753185
"2010","CHA","pebios",0.00094098202899318
"2010","CHA","pebioil",0.000140677029151144
"2010","IND","peoil",0.206441718706959
"2010","IND","pegas",0.0597393098991961
"2010","IND","pecoal",0.375391214071789
"2010","IND","peur",0.000517230107893348
"2010","IND","pegeo",0
"2010","IND","pehyd",0.0150777042132044
"2010","IND","pewin",0.00375170259382599
"2010","IND","pesol",7.47349883585111E-5
"2010","IND","pebiolc",0.241310935647554
"2010","IND","pebios",0.000147616128836121
"2010","IND","pebioil",0
"2010","JPN","peoil",0.299385839524635
"2010","JPN","pegas",0.152794529105584
"2010","JPN","pecoal",0.187004218857647
"2010","JPN","peur",0.00295933136696428
"2010","JPN","pegeo",0.00364757650001201
"2010","JPN","pehyd",0.00916609694205366
"2010","JPN","pewin",0.000545382110112763
"2010","JPN","pesol",0.00099781211228177
"2010","JPN","pebiolc",0.0149458323120022
"2010","JPN","pebios",0
"2010","JPN","pebioil",0
"2010","USA","peoil",1.19413417917356
"2010","USA","pegas",0.703026389619232
"2010","USA","pecoal",0.638565022233696
"2010","USA","peur",0.0221629500930708
"2010","USA","pegeo",0.0109202813448989
"2010","USA","pehyd",0.0328088805633606
"2010","USA","pewin",0.00934765594240947
"2010","USA","pesol",0.00086564113175679
"2010","USA","pebiolc",0.114081725502915
"2010","USA","pebios",0.0133493104393054
"2010","USA","pebioil",0.000547869397638825
"2015","LAM","peoil",0.562985605532322
"2015","LAM","pegas",0.187573869495941
"2015","LAM","pecoal",0.073798580519426
"2015","LAM","peur",0.000930954244897959
"2015","LAM","pegeo",0.00578850828897804
"2015","LAM","pehyd",0.0925107464989224
"2015","LAM","pewin",0.0053124828358669
"2015","LAM","pesol",0.000438357801798
"2015","LAM","pebiolc",0.140130119932081
"2015","LAM","pebios",0.0132426187071137
"2015","LAM","pebioil",5.06912882346856E-5
"2015","OAS","peoil",0.622750260976514
"2015","OAS","pegas",0.279236374018046
"2015","OAS","pecoal",0.269047018588754
"2015","OAS","peur",0.00406349206349206
"2015","OAS","pegeo",0.016394426905055
"2015","OAS","pehyd",0.0258590585396717
"2015","OAS","pewin",0.000406650939513
"2015","OAS","pesol",0.000966034178875333
"2015","OAS","pebiolc",0.240991463132991
"2015","OAS","pebios",5.63159250632872E-6
"2015","OAS","pebioil",6.46879096086712E-5
"2015","SSA","peoil",0.130555531457009
"2015","SSA","pegas",0.0190647163213521
"2015","SSA","pecoal",0.0984995515846734
"2015","SSA","peur",0.000331972789115646
"2015","SSA","pegeo",0.00155785102320698
"2015","SSA","pehyd",0.0124881191408865
"2015","SSA","pewin",0.000502719454043569
"2015","SSA","pesol",0.000273624712863
"2015","SSA","pebiolc",0.473597103633877
"2015","SSA","pebios",0
"2015","SSA","pebioil",0
"2015","EUR","peoil",0.932803502615209
"2015","EUR","pegas",0.573197092532842
"2015","EUR","pecoal",0.338765889078428
"2015","EUR","peur",0.0265047474228916
"2015","EUR","pegeo",0.00897643491567998
"2015","EUR","pehyd",0.0447463312823886
"2015","EUR","pewin",0.0341885517749986
"2015","EUR","pesol",0.0124479919207854
"2015","EUR","pebiolc",0.207449455999002
"2015","EUR","pebios",0.0009485054869076
"2015","EUR","pebioil",0.0142370954471274
"2015","NEU","peoil",0.107196664090431
"2015","NEU","pegas",0.0595005627798363
"2015","NEU","pecoal",0.0612300259394019
"2015","NEU","peur",0.000604081632653061
"2015","NEU","pegeo",0.00549079674678635
"2015","NEU","pehyd",0.0305562067412997
"2015","NEU","pewin",0.00180451978150371
"2015","NEU","pesol",0.000236451132261024
"2015","NEU","pebiolc",0.0140158474504028
"2015","NEU","pebios",1.7917234981809E-6
"2015","NEU","pebioil",9.35487272252995E-6
"2015","MEA","peoil",0.651081785885479
"2015","MEA","pegas",0.613443180472539
"2015","MEA","pecoal",0.0639047710020418
"2015","MEA","peur",0.000166893424036281
"2015","MEA","pegeo",1E-5
"2015","MEA","pehyd",0.00703434586909091
"2015","MEA","pewin",0.000607880519127
"2015","MEA","pesol",0.000286412472749
"2015","MEA","pebiolc",0.0244237784387416
"2015","MEA","pebios",0
"2015","MEA","pebioil",0
"2015","REF","peoil",0.295717968082812
"2015","REF","pegas",0.554831180991075
"2015","REF","pecoal",0.375262155280047
"2015","REF","peur",0.00717278911564626
"2015","REF","pegeo",0.000228929825845436
"2015","REF","pehyd",0.0283515560401455
"2015","REF","pewin",0.000160580434318752
"2015","REF","pesol",0.000108348250164
"2015","REF","pebiolc",0.0185404137574413
"2015","REF","pebios",0
"2015","REF","pebioil",0
"2015","CAZ","peoil",0.21951825059801
"2015","CAZ","pegas",0.101821211918555
"2015","CAZ","pecoal",0.0938145615209118
"2015","CAZ","peur",0.00245804988662132
"2015","CAZ","pegeo",0.0049447261808367
"2015","CAZ","pehyd",0.0451839075940885
"2015","CAZ","pewin",0.00505154229684004
"2015","CAZ","pesol",0.0009869298365995
"2015","CAZ","pebiolc",0.0320247469356968
"2015","CAZ","pebios",0.000273501192942336
"2015","CAZ","pebioil",0
"2015","CHA","peoil",0.813865320278198
"2015","CHA","pegas",0.220070436366962
"2015","CHA","pecoal",2.70680400082995
"2015","CHA","peur",0.00576507936507937
"2015","CHA","pegeo",0.00420547639887571
"2015","CHA","pehyd",0.127677199119951
"2015","CHA","pewin",0.0263175713040142
"2015","CHA","pesol",0.00492791386600425
"2015","CHA","pebiolc",0.190681256831307
"2015","CHA","pebios",0.000958095698142325
"2015","CHA","pebioil",0.000213494454965478
"2015","IND","peoil",0.255753375279618
"2015","IND","pegas",0.0660904649314563
"2015","IND","pecoal",0.507794828504971
"2015","IND","peur",0.000961451247165533
"2015","IND","pegeo",0
"2015","IND","pehyd",0.0172899516865737
"2015","IND","pewin",0.00378960448013202
"2015","IND","pesol",0.0008116719386895
"2015","IND","pebiolc",0.256810857320211
"2015","IND","pebios",0.000150300677617891
"2015","IND","pebioil",0
"2015","JPN","peoil",0.273962291060346
"2015","JPN","pegas",0.151734448459262
"2015","JPN","pecoal",0.182210758729075
"2015","JPN","peur",0.000943182314594056
"2015","JPN","pegeo",0.00357464397451157
"2015","JPN","pehyd",0.0105547920106125
"2015","JPN","pewin",0.000593370278879817
"2015","JPN","pesol",0.00435606500126445
"2015","JPN","pebiolc",0.0201666100130274
"2015","JPN","pebios",0
"2015","JPN","pebioil",0
"2015","USA","peoil",1.06569191448684
"2015","USA","pegas",0.771733432021815
"2015","USA","pecoal",0.446430256317372
"2015","USA","peur",0.0224105243511318
"2015","USA","pegeo",0.0135708972191026
"2015","USA","pehyd",0.0331159678860789
"2015","USA","pewin",0.0231154130438484
"2015","USA","pesol",0.004615183998183
"2015","USA","pebiolc",0.116360166075134
"2015","USA","pebios",0.0137407226217205
"2015","USA","pebioil",0.000545727318643102
"2020","LAM","peoil",0.551099678484536
"2020","LAM","pegas",0.146023566692517
"2020","LAM","pecoal",0.0535006460297067
"2020","LAM","peur",0.000962286660033209
"2020","LAM","pegeo",0.00543850889131106
"2020","LAM","pehyd",0.100044781282986
"2020","LAM","pewin",0.00983051269729053
"2020","LAM","pesol",0.00424197743818609
"2020","LAM","pebiolc",0.132898091448565
"2020","LAM","pebios",0.0132058179556774
"2020","LAM","pebioil",0.00115213966025992
"2020","OAS","peoil",0.682034386531646
"2020","OAS","pegas",0.27463691089775
"2020","OAS","pecoal",0.336737779014669
"2020","OAS","peur",0.00448035118908308
"2020","OAS","pegeo",0.0183496994928463
"2020","OAS","pehyd",0.0357328001157313
"2020","OAS","pewin",0.00161940000690464
"2020","OAS","pesol",0.00750741361620065
"2020","OAS","pebiolc",0.210085947429812
"2020","OAS","pebios",5.5201103442143E-6
"2020","OAS","pebioil",6.23534232043245E-5
"2020","SSA","peoil",0.159565074581296
"2020","SSA","pegas",0.0225776241567631
"2020","SSA","pecoal",0.0784654375749713
"2020","SSA","peur",0.000313019173047025
"2020","SSA","pegeo",0.00298683054007749
"2020","SSA","pehyd",0.0185215260437461
"2020","SSA","pewin",0.00143265703109792
"2020","SSA","pesol",0.00141031543130088
"2020","SSA","pebiolc",0.475751123079785
"2020","SSA","pebios",0
"2020","SSA","pebioil",0
"2020","EUR","peoil",0.869667344547587
"2020","EUR","pegas",0.625512656567544
"2020","EUR","pecoal",0.265089394747346
"2020","EUR","peur",0.0246999397489871
"2020","EUR","pegeo",0.0106045941116225
"2020","EUR","pehyd",0.0478435432993819
"2020","EUR","pewin",0.0457247529667371
"2020","EUR","pesol",0.0261481980952638
"2020","EUR","pebiolc",0.229238505860563
"2020","EUR","pebios",0.000958661816456402
"2020","EUR","pebioil",0.0389705593363729
"2020","NEU","peoil",0.128415775965897
"2020","NEU","pegas",0.0652256014979278
"2020","NEU","pecoal",0.0610804432723087
"2020","NEU","peur",0.000593874417949056
"2020","NEU","pegeo",0.0071335834652512
"2020","NEU","pehyd",0.0360930911908945
"2020","NEU","pewin",0.00454119951801534
"2020","NEU","pesol",0.00183545161324483
"2020","NEU","pebiolc",0.0125816790654352
"2020","NEU","pebios",1.75625480806102E-6
"2020","NEU","pebioil",9.01726986417119E-6
"2020","MEA","peoil",0.67468046715373
"2020","MEA","pegas",0.642339933446607
"2020","MEA","pecoal",0.247380464704537
"2020","MEA","peur",0.000521483120644878
"2020","MEA","pegeo",9.94054875851634E-6
"2020","MEA","pehyd",0.00882682375320281
"2020","MEA","pewin",0.00140958572318645
"2020","MEA","pesol",0.00193757683668954
"2020","MEA","pebiolc",0.0215810507992972
"2020","MEA","pebios",0
"2020","MEA","pebioil",0
"2020","REF","peoil",0.302824408040012
"2020","REF","pegas",0.479902197306826
"2020","REF","pecoal",0.353275418970549
"2020","REF","peur",0.00746346093260549
"2020","REF","pegeo",0.000166025158458323
"2020","REF","pehyd",0.0281441925913714
"2020","REF","pewin",0.000836906356095506
"2020","REF","pesol",0.00149869843536164
"2020","REF","pebiolc",0.0260925985184292
"2020","REF","pebios",0
"2020","REF","pebioil",0
"2020","CAZ","peoil",0.214288443121384
"2020","CAZ","pegas",0.075516326589252
"2020","CAZ","pecoal",0.0654315406566759
"2020","CAZ","peur",0.00230343854555895
"2020","CAZ","pegeo",0.00674006320202426
"2020","CAZ","pehyd",0.0466096417083298
"2020","CAZ","pewin",0.0064759357853684
"2020","CAZ","pesol",0.00349753155593867
"2020","CAZ","pebiolc",0.0372599510862603
"2020","CAZ","pebios",0.000566354824674753
"2020","CAZ","pebioil",0.000125032475899204
"2020","CHA","peoil",0.988074531868653
"2020","CHA","pegas",0.413015672124714
"2020","CHA","pecoal",2.95185765454412
"2020","CHA","peur",0.0112376761911869
"2020","CHA","pegeo",0.00378622539754721
"2020","CHA","pehyd",0.146451352322636
"2020","CHA","pewin",0.0384759807462377
"2020","CHA","pesol",0.0260196217831731
"2020","CHA","pebiolc",0.189173036616907
"2020","CHA","pebios",0.000939129379144387
"2020","CHA","pebioil",0.000211593316664229
"2020","IND","peoil",0.311819859135674
"2020","IND","pegas",0.0548465201556515
"2020","IND","pecoal",0.61851942799274
"2020","IND","peur",0.00174426531695997
"2020","IND","pegeo",1.85723465698323E-8
"2020","IND","pehyd",0.0168217473546726
"2020","IND","pewin",0.00560366699362616
"2020","IND","pesol",0.00531669397161201
"2020","IND","pebiolc",0.256305289387376
"2020","IND","pebios",0.00014732534790622
"2020","IND","pebioil",0
"2020","JPN","peoil",0.249649123847374
"2020","JPN","pegas",0.128936498365683
"2020","JPN","pecoal",0.133896472301776
"2020","JPN","peur",0.0017579149856499
"2020","JPN","pegeo",0.00362203612580735
"2020","JPN","pehyd",0.0127116527263707
"2020","JPN","pewin",0.00109528714241882
"2020","JPN","pesol",0.00838107511005107
"2020","JPN","pebiolc",0.0279625909721504
"2020","JPN","pebios",0
"2020","JPN","pebioil",0
"2020","USA","peoil",0.981973169267735
"2020","USA","pegas",0.694117783029822
"2020","USA","pecoal",0.365568782675093
"2020","USA","peur",0.0198639094530528
"2020","USA","pegeo",0.0193538450350666
"2020","USA","pehyd",0.0352602938073231
"2020","USA","pewin",0.0351224488739996
"2020","USA","pesol",0.0163473262521522
"2020","USA","pebiolc",0.12172067314673
"2020","USA","pebios",0.0210951045207866
"2020","USA","pebioil",0.0061323397921843
"2025","LAM","peoil",0.546049940692326
"2025","LAM","pegas",0.110432453917413
"2025","LAM","pecoal",0.0255983645500786
"2025","LAM","peur",0.000958753709212977
"2025","LAM","pegeo",0.00684001612632144
"2025","LAM","pehyd",0.108047675537032
"2025","LAM","pewin",0.0257719991072553
"2025","LAM","pesol",0.0204536747189259
"2025","LAM","pebiolc",0.123777399196207
"2025","LAM","pebios",0.0141980078525841
"2025","LAM","pebioil",0.00761713111440813
"2025","OAS","peoil",0.772912353266279
"2025","OAS","pegas",0.309328000545303
"2025","OAS","pecoal",0.3708402084984
"2025","OAS","peur",0.00492620622285221
"2025","OAS","pegeo",0.0212661319460139
"2025","OAS","pehyd",0.0422989321515713
"2025","OAS","pewin",0.011260696802044
"2025","OAS","pesol",0.0351168478996636
"2025","OAS","pebiolc",0.180784133119967
"2025","OAS","pebios",5.03059191760686E-6
"2025","OAS","pebioil",0.000672117770442496
"2025","SSA","peoil",0.187860923089826
"2025","SSA","pegas",0.0254969048872217
"2025","SSA","pecoal",0.0490228125267613
"2025","SSA","peur",0.000285779018232814
"2025","SSA","pegeo",0.0042011866711297
"2025","SSA","pehyd",0.0266867981745439
"2025","SSA","pewin",0.006725362622467
"2025","SSA","pesol",0.00696294004155116
"2025","SSA","pebiolc",0.464262045531324
"2025","SSA","pebios",0
"2025","SSA","pebioil",0
"2025","EUR","peoil",0.771324790338503
"2025","EUR","pegas",0.482754389262451
"2025","EUR","pecoal",0.0782486885571324
"2025","EUR","peur",0.0221176771369022
"2025","EUR","pegeo",0.00840243734593891
"2025","EUR","pehyd",0.0500733452772293
"2025","EUR","pewin",0.0779703330495163
"2025","EUR","pesol",0.0516529498779912
"2025","EUR","pebiolc",0.23662870792626
"2025","EUR","pebios",0.000926853626040089
"2025","EUR","pebioil",0.0557325546371971
"2025","NEU","peoil",0.133883019543491
"2025","NEU","pegas",0.0692659927682611
"2025","NEU","pecoal",0.0491202299260644
"2025","NEU","peur",0.000556998053168671
"2025","NEU","pegeo",0.00846201232799908
"2025","NEU","pehyd",0.0389857095331816
"2025","NEU","pewin",0.0082725314649986
"2025","NEU","pesol",0.00686892861365286
"2025","NEU","pebiolc",0.0120278130634735
"2025","NEU","pebios",1.60051170932661E-6
"2025","NEU","pebioil",8.28983830741885E-6
"2025","MEA","peoil",0.697114122816772
"2025","MEA","pegas",0.682215311396634
"2025","MEA","pecoal",0.290234172463076
"2025","MEA","peur",0.000806483670699014
"2025","MEA","pegeo",9.67388660734081E-6
"2025","MEA","pehyd",0.00915501347265985
"2025","MEA","pewin",0.00469933047250673
"2025","MEA","pesol",0.0111801640752122
"2025","MEA","pebiolc",0.017751499999752
"2025","MEA","pebios",0
"2025","MEA","pebioil",0
"2025","REF","peoil",0.318649413462217
"2025","REF","pegas",0.439279222703957
"2025","REF","pecoal",0.354733878641425
"2025","REF","peur",0.00740052559160652
"2025","REF","pegeo",0.000270914607357899
"2025","REF","pehyd",0.0278358885633144
"2025","REF","pewin",0.00267118888388102
"2025","REF","pesol",0.00596449373449088
"2025","REF","pebiolc",0.0412057938061302
"2025","REF","pebios",0
"2025","REF","pebioil",0
"2025","CAZ","peoil",0.202594053335989
"2025","CAZ","pegas",0.0581228032683093
"2025","CAZ","pecoal",0.0238790798940164
"2025","CAZ","peur",0.00208179924205494
"2025","CAZ","pegeo",0.0076037541298149
"2025","CAZ","pehyd",0.0498031680531061
"2025","CAZ","pewin",0.0111672198409618
"2025","CAZ","pesol",0.00957453546555325
"2025","CAZ","pebiolc",0.0424147672035704
"2025","CAZ","pebios",0.0012702205461746
"2025","CAZ","pebioil",0.000249943456016643
"2025","CHA","peoil",1.09342163488714
"2025","CHA","pegas",0.543896990999306
"2025","CHA","pecoal",2.49811671480915
"2025","CHA","peur",0.0150873216036524
"2025","CHA","pegeo",0.00297192855536285
"2025","CHA","pehyd",0.197361358128519
"2025","CHA","pewin",0.0941417102741541
"2025","CHA","pesol",0.109750817405404
"2025","CHA","pebiolc",0.196906079109992
"2025","CHA","pebios",0.000855848229422186
"2025","CHA","pebioil",0.000205232608792795
"2025","IND","peoil",0.408147350614187
"2025","IND","pegas",0.0691042984942337
"2025","IND","pecoal",0.743307304283241
"2025","IND","peur",0.00339944942690172
"2025","IND","pegeo",5.04450460937951E-6
"2025","IND","pehyd",0.0217749043275619
"2025","IND","pewin",0.021157377626009
"2025","IND","pesol",0.0363580755756501
"2025","IND","pebiolc",0.241685022257841
"2025","IND","pebios",0.000134260668396319
"2025","IND","pebioil",6.79693129874119E-6
"2025","JPN","peoil",0.233471123767661
"2025","JPN","pegas",0.108928958438108
"2025","JPN","pecoal",0.0821373577824352
"2025","JPN","peur",0.0031563964337316
"2025","JPN","pegeo",0.0032634261272334
"2025","JPN","pehyd",0.0138865390871731
"2025","JPN","pewin",0.00368748239427328
"2025","JPN","pesol",0.0143441250370338
"2025","JPN","pebiolc",0.0369493893176825
"2025","JPN","pebios",0
"2025","JPN","pebioil",0
"2025","USA","peoil",0.919889583741411
"2025","USA","pegas",0.62612519942172
"2025","USA","pecoal",0.101734812248223
"2025","USA","peur",0.0179277634346315
"2025","USA","pegeo",0.0199789847585625
"2025","USA","pehyd",0.0386602761841957
"2025","USA","pewin",0.0939588675658783
"2025","USA","pesol",0.0709987162639432
"2025","USA","pebiolc",0.141176670434261
"2025","USA","pebios",0.0428564076793655
"2025","USA","pebioil",0.0117851328161519
"2030","LAM","peoil",0.553298732423064
"2030","LAM","pegas",0.120935929472664
"2030","LAM","pecoal",0.0134508186803214
"2030","LAM","peur",0.000902403256090645
"2030","LAM","pegeo",0.00850764645346051
"2030","LAM","pehyd",0.11654053952573
"2030","LAM","pewin",0.0523634781469001
"2030","LAM","pesol",0.0600884968776395
"2030","LAM","pebiolc",0.122855626251945
"2030","LAM","pebios",0.0190522691037826
"2030","LAM","pebioil",0.0130498105897814
"2030","OAS","peoil",0.858003806933434
"2030","OAS","pegas",0.336769420185584
"2030","OAS","pecoal",0.349017817931085
"2030","OAS","peur",0.00528085090342427
"2030","OAS","pegeo",0.0209126848577831
"2030","OAS","pehyd",0.0473914054497403
"2030","OAS","pewin",0.0438815235437599
"2030","OAS","pesol",0.0907576612043009
"2030","OAS","pebiolc",0.152172786710404
"2030","OAS","pebios",3.92360150773485E-6
"2030","OAS","pebioil",0.00171423474859879
"2030","SSA","peoil",0.248639255599032
"2030","SSA","pegas",0.0367886430012154
"2030","SSA","pecoal",0.0307793922710734
"2030","SSA","peur",0.000254057614967227
"2030","SSA","pegeo",0.0042807337850404
"2030","SSA","pehyd",0.0369364961790177
"2030","SSA","pewin",0.0221006544528574
"2030","SSA","pesol",0.0238860876615851
"2030","SSA","pebiolc",0.448225380259258
"2030","SSA","pebios",0
"2030","SSA","pebioil",0
"2030","EUR","peoil",0.635609664331098
"2030","EUR","pegas",0.412799586754598
"2030","EUR","pecoal",0.0285528763343784
"2030","EUR","peur",0.0191356983172093
"2030","EUR","pegeo",0.00666074270617301
"2030","EUR","pehyd",0.0497331548131707
"2030","EUR","pewin",0.116577301280291
"2030","EUR","pesol",0.103069508133086
"2030","EUR","pebiolc",0.229735967584523
"2030","EUR","pebios",0.000821863232414382
"2030","EUR","pebioil",0.0550833663337705
"2030","NEU","peoil",0.127078295029206
"2030","NEU","pegas",0.0745515514763261
"2030","NEU","pecoal",0.0416541375177476
"2030","NEU","peur",0.000491579916309158
"2030","NEU","pegeo",0.00821444173484461
"2030","NEU","pehyd",0.0397429279913273
"2030","NEU","pewin",0.0121550840083822
"2030","NEU","pesol",0.0151474528880705
"2030","NEU","pebiolc",0.014562510181363
"2030","NEU","pebios",1.24831635296877E-6
"2030","NEU","pebioil",6.96963747142952E-6
"2030","MEA","peoil",0.673896847261162
"2030","MEA","pegas",0.770224760050098
"2030","MEA","pecoal",0.306147090480726
"2030","MEA","peur",0.000922912043367087
"2030","MEA","pegeo",1.004E-5
"2030","MEA","pehyd",0.00910558010037568
"2030","MEA","pewin",0.0141759623223516
"2030","MEA","pesol",0.0407790774901454
"2030","MEA","pebiolc",0.0166461254849039
"2030","MEA","pebios",0
"2030","MEA","pebioil",0
"2030","REF","peoil",0.344544877970287
"2030","REF","pegas",0.455011307342129
"2030","REF","pecoal",0.359819282365475
"2030","REF","peur",0.00694259315630035
"2030","REF","pegeo",0.000394230989683489
"2030","REF","pehyd",0.027535317815902
"2030","REF","pewin",0.00713055818029665
"2030","REF","pesol",0.0162242495020894
"2030","REF","pebiolc",0.0672486457987178
"2030","REF","pebios",0
"2030","REF","pebioil",0
"2030","CAZ","peoil",0.181694693192889
"2030","CAZ","pegas",0.0465896025993899
"2030","CAZ","pecoal",0.00306174874685658
"2030","CAZ","peur",0.00182492643976063
"2030","CAZ","pegeo",0.00720184644971079
"2030","CAZ","pehyd",0.0517692094733421
"2030","CAZ","pewin",0.0159327210692135
"2030","CAZ","pesol",0.0206879005394328
"2030","CAZ","pebiolc",0.0473178695652251
"2030","CAZ","pebios",0.00170010376278207
"2030","CAZ","pebioil",0.00024887149463877
"2030","CHA","peoil",1.13845564188967
"2030","CHA","pegas",0.586764534486411
"2030","CHA","pecoal",2.22043238120887
"2030","CHA","peur",0.0185141183661945
"2030","CHA","pegeo",0.00151093393322365
"2030","CHA","pehyd",0.204486389058661
"2030","CHA","pewin",0.167826647190563
"2030","CHA","pesol",0.228409836169423
"2030","CHA","pebiolc",0.214452934722319
"2030","CHA","pebios",0.000667517353494765
"2030","CHA","pebioil",0.000518610900977128
"2030","IND","peoil",0.524855065113037
"2030","IND","pegas",0.0854671576111142
"2030","IND","pecoal",0.819212986000794
"2030","IND","peur",0.00716367821711167
"2030","IND","pegeo",1.00423020211632E-5
"2030","IND","pehyd",0.024108663791
"2030","IND","pewin",0.047789102594612
"2030","IND","pesol",0.092164216834024
"2030","IND","pebiolc",0.219289290913747
"2030","IND","pebios",0.000104716377232977
"2030","IND","pebioil",2.06050626166118E-5
"2030","JPN","peoil",0.200712206141466
"2030","JPN","pegas",0.0876956322482792
"2030","JPN","pecoal",0.058181600248274
"2030","JPN","peur",0.00412918070269696
"2030","JPN","pegeo",0.0026086372129325
"2030","JPN","pehyd",0.0140380367943238
"2030","JPN","pewin",0.0114805824281746
"2030","JPN","pesol",0.0202591082700543
"2030","JPN","pebiolc",0.0417635994257483
"2030","JPN","pebios",0
"2030","JPN","pebioil",0
"2030","USA","peoil",0.825735961679776
"2030","USA","pegas",0.502380241577078
"2030","USA","pecoal",0.0122920290506035
"2030","USA","peur",0.0155855834025015
"2030","USA","pegeo",0.0169520039678044
"2030","USA","pehyd",0.0407504095750418
"2030","USA","pewin",0.178633145051835
"2030","USA","pesol",0.180248257820592
"2030","USA","pebiolc",0.165759712475066
"2030","USA","pebios",0.058030107761788
"2030","USA","pebioil",0.011768248973188
"2035","LAM","peoil",0.557185059957423
"2035","LAM","pegas",0.137749943704581
"2035","LAM","pecoal",0.00889646208566837
"2035","LAM","peur",0.000815394422570728
"2035","LAM","pegeo",0.00857527117066691
"2035","LAM","pehyd",0.124393331116626
"2035","LAM","pewin",0.089553293338194
"2035","LAM","pesol",0.107682199554396
"2035","LAM","pebiolc",0.13697149790768
"2035","LAM","pebios",0.0274129433456255
"2035","LAM","pebioil",0.0130647589852522
"2035","OAS","peoil",0.909980786658593
"2035","OAS","pegas",0.348452355573496
"2035","OAS","pecoal",0.273571793479327
"2035","OAS","peur",0.00543694742973029
"2035","OAS","pegeo",0.0177728542488254
"2035","OAS","pehyd",0.0507730648234701
"2035","OAS","pewin",0.107836639357089
"2035","OAS","pesol",0.153366868694867
"2035","OAS","pebiolc",0.121629931458167
"2035","OAS","pebios",1.85998856689464E-6
"2035","OAS","pebioil",0.00213768164051809
"2035","SSA","peoil",0.324490423849563
"2035","SSA","pegas",0.0580505152130797
"2035","SSA","pecoal",0.0240998131952513
"2035","SSA","peur",0.00021838665144489
"2035","SSA","pegeo",0.00378716453683315
"2035","SSA","pehyd",0.0480020116086438
"2035","SSA","pewin",0.051043701625114
"2035","SSA","pesol",0.0502555240087132
"2035","SSA","pebiolc",0.416274366721631
"2035","SSA","pebios",0
"2035","SSA","pebioil",0
"2035","EUR","peoil",0.517080981933722
"2035","EUR","pegas",0.286874814953383
"2035","EUR","pecoal",0.0222685752710647
"2035","EUR","peur",0.0158242100659213
"2035","EUR","pegeo",0.00623967233625813
"2035","EUR","pehyd",0.0490438401581444
"2035","EUR","pewin",0.178054447869641
"2035","EUR","pesol",0.148272701371635
"2035","EUR","pebiolc",0.219416840152066
"2035","EUR","pebios",0.00154111817635525
"2035","EUR","pebioil",0.0532042232339205
"2035","NEU","peoil",0.117213943209245
"2035","NEU","pegas",0.0825086537749042
"2035","NEU","pecoal",0.0367614264685983
"2035","NEU","peur",0.000417093910363804
"2035","NEU","pegeo",0.00684704466594346
"2035","NEU","pehyd",0.0395464217776665
"2035","NEU","pewin",0.0168234381749839
"2035","NEU","pesol",0.0216189063710258
"2035","NEU","pebiolc",0.0222557312867457
"2035","NEU","pebios",5.9176604449058E-7
"2035","NEU","pebioil",4.80646754511785E-6
"2035","MEA","peoil",0.606199905100295
"2035","MEA","pegas",0.942742468449981
"2035","MEA","pecoal",0.316394314673423
"2035","MEA","peur",0.000961282517184079
"2035","MEA","pegeo",1.004E-5
"2035","MEA","pehyd",0.00904375495189262
"2035","MEA","pewin",0.0296914512716133
"2035","MEA","pesol",0.0846129762542052
"2035","MEA","pebiolc",0.0201957613698996
"2035","MEA","pebios",0
"2035","MEA","pebioil",0
"2035","REF","peoil",0.338300074351323
"2035","REF","pegas",0.498080920834733
"2035","REF","pecoal",0.339079352619587
"2035","REF","peur",0.00626502510500617
"2035","REF","pegeo",0.000362413702035599
"2035","REF","pehyd",0.0272741406732572
"2035","REF","pewin",0.015292026487189
"2035","REF","pesol",0.0298831010981817
"2035","REF","pebiolc",0.0924843755861848
"2035","REF","pebios",0
"2035","REF","pebioil",2.20109734286705E-5
"2035","CAZ","peoil",0.154351416134446
"2035","CAZ","pegas",0.0407854701683755
"2035","CAZ","pecoal",0.00231464930062231
"2035","CAZ","peur",0.0015381156870652
"2035","CAZ","pegeo",0.00641238357907083
"2035","CAZ","pehyd",0.053289490011403
"2035","CAZ","pewin",0.0220721873376886
"2035","CAZ","pesol",0.028880358592201
"2035","CAZ","pebiolc",0.0605807331944162
"2035","CAZ","pebios",0.0016926669332072
"2035","CAZ","pebioil",0.000245006154121171
"2035","CHA","peoil",1.13130247546668
"2035","CHA","pegas",0.586708394140007
"2035","CHA","pecoal",1.83572055965659
"2035","CHA","peur",0.0212716020477789
"2035","CHA","pegeo",0.00013594769758475
"2035","CHA","pehyd",0.208105905720562
"2035","CHA","pewin",0.252654162011891
"2035","CHA","pesol",0.349117122055952
"2035","CHA","pebiolc",0.239119260225194
"2035","CHA","pebios",0.000316437498368893
"2035","CHA","pebioil",0.000825098149976251
"2035","IND","peoil",0.617327287650536
"2035","IND","pegas",0.0940752914011573
"2035","IND","pecoal",0.754996324396132
"2035","IND","peur",0.0131428571428571
"2035","IND","pegeo",9.96051135920767E-6
"2035","IND","pehyd",0.0263078507587589
"2035","IND","pewin",0.0913594393664835
"2035","IND","pesol",0.151484433110301
"2035","IND","pebiolc",0.190500636423803
"2035","IND","pebios",4.96409393349449E-5
"2035","IND","pebioil",2.75577747671041E-5
"2035","JPN","peoil",0.171894936144808
"2035","JPN","pegas",0.0752302747206465
"2035","JPN","pecoal",0.0299211114394383
"2035","JPN","peur",0.00403224958622901
"2035","JPN","pegeo",0.00212910852809311
"2035","JPN","pehyd",0.0139483416232328
"2035","JPN","pewin",0.026499349973742
"2035","JPN","pesol",0.0232620717610376
"2035","JPN","pebiolc",0.0450580442795353
"2035","JPN","pebios",0
"2035","JPN","pebioil",0
"2035","USA","peoil",0.708479937629428
"2035","USA","pegas",0.372806279376956
"2035","USA","pecoal",0.00960247794311693
"2035","USA","peur",0.0129397751029927
"2035","USA","pegeo",0.0153241991363561
"2035","USA","pehyd",0.0415175972334628
"2035","USA","pewin",0.244078258350395
"2035","USA","pesol",0.264092718824614
"2035","USA","pebiolc",0.202445114786318
"2035","USA","pebios",0.0571893573476828
"2035","USA","pebioil",0.0115817333757875
"2040","LAM","peoil",0.549724325390906
"2040","LAM","pegas",0.155837737564882
"2040","LAM","pecoal",0.0110869850202663
"2040","LAM","peur",0.000708715714542865
"2040","LAM","pegeo",0.00864713162300166
"2040","LAM","pehyd",0.130437702203655
"2040","LAM","pewin",0.125516750968801
"2040","LAM","pesol",0.145167154595117
"2040","LAM","pebiolc",0.165829683379598
"2040","LAM","pebios",0.0389166554476531
"2040","LAM","pebioil",0.012902061402269
"2040","OAS","peoil",0.959433438209832
"2040","OAS","pegas",0.345057679702509
"2040","OAS","pecoal",0.237687006521356
"2040","OAS","peur",0.00533059784314931
"2040","OAS","pegeo",0.0152650640688689
"2040","OAS","pehyd",0.0526709376526369
"2040","OAS","pewin",0.17876912266565
"2040","OAS","pesol",0.211851652571215
"2040","OAS","pebiolc",0.0988669787175834
"2040","OAS","pebios",3.6419813941426E-6
"2040","OAS","pebioil",0.00211439678262926
"2040","SSA","peoil",0.411709914240926
"2040","SSA","pegas",0.0827368511377077
"2040","SSA","pecoal",0.0585542199035636
"2040","SSA","peur",0.000177860932275619
"2040","SSA","pegeo",0.00403699995834592
"2040","SSA","pehyd",0.0582833711735951
"2040","SSA","pewin",0.0857238693537197
"2040","SSA","pesol",0.0853839064547783
"2040","SSA","pebiolc",0.355536913857353
"2040","SSA","pebios",1.05800194690347E-6
"2040","SSA","pebioil",0
"2040","EUR","peoil",0.42901085086771
"2040","EUR","pegas",0.237656522450362
"2040","EUR","pecoal",0.0212008330261627
"2040","EUR","peur",0.012121302570398
"2040","EUR","pegeo",0.00907420731054946
"2040","EUR","pehyd",0.0481638604924246
"2040","EUR","pewin",0.230269826790917
"2040","EUR","pesol",0.176404595968335
"2040","EUR","pebiolc",0.217878637618202
"2040","EUR","pebios",0.00755045349776563
"2040","EUR","pebioil",0.0493245774370598
"2040","NEU","peoil",0.103172100302725
"2040","NEU","pegas",0.0922862283246142
"2040","NEU","pecoal",0.0409947055891906
"2040","NEU","peur",0.000333428787494619
"2040","NEU","pegeo",0.0060051964837026
"2040","NEU","pehyd",0.0390282220127946
"2040","NEU","pewin",0.0205505571458417
"2040","NEU","pesol",0.0250347678084929
"2040","NEU","pebiolc",0.032624881328824
"2040","NEU","pebios",6.57233475412468E-7
"2040","NEU","pebioil",1.10061796368048E-5
"2040","MEA","peoil",0.532438578953117
"2040","MEA","pegas",1.21003574822206
"2040","MEA","pecoal",0.304119332530897
"2040","MEA","peur",0.000959897514079107
"2040","MEA","pegeo",1.004E-5
"2040","MEA","pehyd",0.00898116503082
"2040","MEA","pewin",0.0489863478532782
"2040","MEA","pesol",0.136074854247055
"2040","MEA","pebiolc",0.0240353501430848
"2040","MEA","pebios",0
"2040","MEA","pebioil",0
"2040","REF","peoil",0.299973395837158
"2040","REF","pegas",0.513781062376856
"2040","REF","pecoal",0.28771210684791
"2040","REF","peur",0.00541533683970446
"2040","REF","pegeo",0.000312134714530051
"2040","REF","pehyd",0.0270703462028147
"2040","REF","pewin",0.024878429944626
"2040","REF","pesol",0.0446575574007558
"2040","REF","pebiolc",0.102390526267724
"2040","REF","pebios",0
"2040","REF","pebioil",4.40005584907995E-5
"2040","CAZ","peoil",0.125444430560706
"2040","CAZ","pegas",0.0352015757252428
"2040","CAZ","pecoal",0.00188896918816202
"2040","CAZ","peur",0.00121517177140813
"2040","CAZ","pegeo",0.00609444185072613
"2040","CAZ","pehyd",0.0540862223893815
"2040","CAZ","pewin",0.0257907239977544
"2040","CAZ","pesol",0.0322639505571446
"2040","CAZ","pebiolc",0.0842907489063864
"2040","CAZ","pebios",0.00170045913295574
"2040","CAZ","pebioil",0.000235480680062657
"2040","CHA","peoil",1.0432600303668
"2040","CHA","pegas",0.519345317393159
"2040","CHA","pecoal",1.2899772010569
"2040","CHA","peur",0.0231317811007725
"2040","CHA","pegeo",0.000118956428882825
"2040","CHA","pehyd",0.209629897841258
"2040","CHA","pewin",0.322252865952803
"2040","CHA","pesol",0.442525710185984
"2040","CHA","pebiolc",0.270343585805715
"2040","CHA","pebios",0.0019763188363886
"2040","CHA","pebioil",0.000790205722143591
"2040","IND","peoil",0.69335622312318
"2040","IND","pegas",0.100548549094053
"2040","IND","pecoal",0.660392511246056
"2040","IND","peur",0.0189903216991077
"2040","IND","pegeo",1.95511269750478E-5
"2040","IND","pehyd",0.0282839524212062
"2040","IND","pewin",0.131661550872469
"2040","IND","pesol",0.206996309263002
"2040","IND","pebiolc",0.157216968169302
"2040","IND","pebios",1.25603683655029E-5
"2040","IND","pebioil",2.72874828346477E-5
"2040","JPN","peoil",0.145518284201028
"2040","JPN","pegas",0.050099978743031
"2040","JPN","pecoal",0.0196326006971139
"2040","JPN","peur",0.0035838830029079
"2040","JPN","pegeo",0.00186302628679724
"2040","JPN","pehyd",0.0137341113338025
"2040","JPN","pewin",0.0396571473245125
"2040","JPN","pesol",0.0237208661235049
"2040","JPN","pebiolc",0.0519918744030288
"2040","JPN","pebios",0
"2040","JPN","pebioil",0
"2040","USA","peoil",0.572467891826893
"2040","USA","pegas",0.277615200718995
"2040","USA","pecoal",0.0076016732756566
"2040","USA","peur",0.0099797552520548
"2040","USA","pegeo",0.0154924454444211
"2040","USA","pehyd",0.0416526822955479
"2040","USA","pewin",0.278615360118195
"2040","USA","pesol",0.302262381686494
"2040","USA","pebiolc",0.268596788266707
"2040","USA","pebios",0.0562804810027182
"2040","USA","pebioil",0.0110859740627244
"2045","LAM","peoil",0.533425164050281
"2045","LAM","pegas",0.174589589160628
"2045","LAM","pecoal",0.013462977818227
"2045","LAM","peur",0.000599976626908109
"2045","LAM","pegeo",0.0112490741012051
"2045","LAM","pehyd",0.134396057589477
"2045","LAM","pewin",0.161586119938232
"2045","LAM","pesol",0.171734230584437
"2045","LAM","pebiolc",0.213801349531939
"2045","LAM","pebios",0.0489644536248
"2045","LAM","pebioil",0.012400090857
"2045","OAS","peoil",0.995617982666865
"2045","OAS","pegas",0.30719367742811
"2045","OAS","pecoal",0.263841810573801
"2045","OAS","peur",0.00503936240984101
"2045","OAS","pegeo",0.0136836265032381
"2045","OAS","pehyd",0.0533040808407976
"2045","OAS","pewin",0.251000555210671
"2045","OAS","pesol",0.263751228519947
"2045","OAS","pebiolc",0.0981856356977116
"2045","OAS","pebios",7.16928219E-6
"2045","OAS","pebioil",0.002057833134
"2045","SSA","peoil",0.526868129600252
"2045","SSA","pegas",0.107739848187311
"2045","SSA","pecoal",0.162202035589642
"2045","SSA","peur",0.000137755080281135
"2045","SSA","pegeo",0.00601611539660068
"2045","SSA","pehyd",0.0667431472666316
"2045","SSA","pewin",0.130968975619458
"2045","SSA","pesol",0.131295645761537
"2045","SSA","pebiolc",0.285006167475461
"2045","SSA","pebios",2.38985586E-6
"2045","SSA","pebioil",0
"2045","EUR","peoil",0.367139568300451
"2045","EUR","pegas",0.198360776819306
"2045","EUR","pecoal",0.0273066684357698
"2045","EUR","peur",0.00856038072701993
"2045","EUR","pegeo",0.0162092594892191
"2045","EUR","pehyd",0.0466853222452205
"2045","EUR","pewin",0.277078856905594
"2045","EUR","pesol",0.187462018847465
"2045","EUR","pebiolc",0.225200655709183
"2045","EUR","pebios",0.01398411
"2045","EUR","pebioil",0.0431415317382
"2045","NEU","peoil",0.0870005917213957
"2045","NEU","pegas",0.110836971815502
"2045","NEU","pecoal",0.0457570321296945
"2045","NEU","peur",0.000252272923521936
"2045","NEU","pegeo",0.00499760627998497
"2045","NEU","pehyd",0.0384052552285785
"2045","NEU","pewin",0.024965558694965
"2045","NEU","pesol",0.0265077794025435
"2045","NEU","pebiolc",0.0400182029019482
"2045","NEU","pebios",1.19492793E-6
"2045","NEU","pebioil",1.85868165E-5
"2045","MEA","peoil",0.441746634001603
"2045","MEA","pegas",1.52995666467616
"2045","MEA","pecoal",0.273361049454347
"2045","MEA","peur",0.000940134676413276
"2045","MEA","pegeo",9.70189093259524E-6
"2045","MEA","pehyd",0.0089175017387308
"2045","MEA","pewin",0.0793523401617221
"2045","MEA","pesol",0.187295081054294
"2045","MEA","pebiolc",0.0276433300855863
"2045","MEA","pebios",0
"2045","MEA","pebioil",0
"2045","REF","peoil",0.25666371102653
"2045","REF","pegas",0.539064287261189
"2045","REF","pecoal",0.236324281762465
"2045","REF","peur",0.00453941105142269
"2045","REF","pegeo",0.000281906995502131
"2045","REF","pehyd",0.0269438673429779
"2045","REF","pewin",0.0369882680726318
"2045","REF","pesol",0.0592525714276905
"2045","REF","pebiolc",0.103251825230308
"2045","REF","pebios",0
"2045","REF","pebioil",4.38118044E-5
"2045","CAZ","peoil",0.0949512641548998
"2045","CAZ","pegas",0.0341197791659355
"2045","CAZ","pecoal",0.00189253340776464
"2045","CAZ","peur",0.000900646147059773
"2045","CAZ","pegeo",0.00564498341933813
"2045","CAZ","pehyd",0.0543172618315848
"2045","CAZ","pewin",0.0306797007039829
"2045","CAZ","pesol",0.0331727311016
"2045","CAZ","pebiolc",0.114886886730986
"2045","CAZ","pebios",0.0017240942628
"2045","CAZ","pebioil",0.0002164042608
"2045","CHA","peoil",0.922163502225531
"2045","CHA","pegas",0.469187677721372
"2045","CHA","pecoal",0.845915602815728
"2045","CHA","peur",0.0240387067347055
"2045","CHA","pegeo",0.000134492387693838
"2045","CHA","pehyd",0.20990549745439
"2045","CHA","pewin",0.371191786421778
"2045","CHA","pesol",0.499211148503659
"2045","CHA","pebiolc",0.297179468974323
"2045","CHA","pebios",0.00428085
"2045","CHA","pebioil",0.0007408198014
"2045","IND","peoil",0.768274770139843
"2045","IND","pegas",0.102516132367696
"2045","IND","pecoal",0.552866819401266
"2045","IND","peur",0.0228247353876806
"2045","IND","pegeo",0.000303242960954741
"2045","IND","pehyd",0.0299563966388767
"2045","IND","pewin",0.169688483005079
"2045","IND","pesol",0.260510633108054
"2045","IND","pebiolc",0.124083816599462
"2045","IND","pebios",1.194300072E-5
"2045","IND","pebioil",2.65526856E-5
"2045","JPN","peoil",0.12295570079457
"2045","JPN","pegas",0.0349332414353858
"2045","JPN","pecoal",0.0183448232483509
"2045","JPN","peur",0.00258064097869559
"2045","JPN","pegeo",0.00172603149454087
"2045","JPN","pehyd",0.0134693921778987
"2045","JPN","pewin",0.0511716223068237
"2045","JPN","pesol",0.0225154800670476
"2045","JPN","pebiolc",0.0600308520580593
"2045","JPN","pebios",0
"2045","JPN","pebioil",0
"2045","USA","peoil",0.430323735509782
"2045","USA","pegas",0.240723586755518
"2045","USA","pecoal",0.00743045685904826
"2045","USA","peur",0.00713040836411381
"2045","USA","pegeo",0.0168092252006364
"2045","USA","pehyd",0.0413464686628252
"2045","USA","pewin",0.305352837364757
"2045","USA","pesol",0.32943024735932
"2045","USA","pebiolc",0.355663128810218
"2045","USA","pebios",0.0551754
"2045","USA","pebioil",0.0101472
"2050","LAM","peoil",0.505609003676911
"2050","LAM","pegas",0.189645011120704
"2050","LAM","pecoal",0.014308694973454
"2050","LAM","peur",0.000493742645083213
"2050","LAM","pegeo",0.0168381810367194
"2050","LAM","pehyd",0.1366066875
"2050","LAM","pewin",0.202587377536812
"2050","LAM","pesol",0.193953405120223
"2050","LAM","pebiolc",0.284969681722748
"2050","LAM","pebios",0.054404948472
"2050","LAM","pebioil",0.012400090857
"2050","OAS","peoil",0.99991719445284
"2050","OAS","pegas",0.31841168428851
"2050","OAS","pecoal",0.287955274231478
"2050","OAS","peur",0.00462953655395425
"2050","OAS","pegeo",0.0128391294851371
"2050","OAS","pehyd",0.0535040803625432
"2050","OAS","pewin",0.322804886637073
"2050","OAS","pesol",0.314721822308897
"2050","OAS","pebiolc",0.111066707875232
"2050","OAS","pebios",7.62204883337952E-6
"2050","OAS","pebioil",0.002057833134
"2050","SSA","peoil",0.66810452580385
"2050","SSA","pegas",0.140761876897038
"2050","SSA","pecoal",0.303554227500959
"2050","SSA","peur",0.000100412918967877
"2050","SSA","pegeo",0.0105728572092416
"2050","SSA","pehyd",0.0730915575
"2050","SSA","pewin",0.19441609742005
"2050","SSA","pesol",0.194934984779208
"2050","SSA","pebiolc",0.217973127900363
"2050","SSA","pebios",2.6553954E-6
"2050","SSA","pebioil",0
"2050","EUR","peoil",0.299938243449391
"2050","EUR","pegas",0.171305115448837
"2050","EUR","pecoal",0.0357804425804359
"2050","EUR","peur",0.00540005677617724
"2050","EUR","pegeo",0.026977894769391
"2050","EUR","pehyd",0.0451989083933068
"2050","EUR","pewin",0.328872131553719
"2050","EUR","pesol",0.191473837709545
"2050","EUR","pebiolc",0.233906854860539
"2050","EUR","pebios",0.0155379
"2050","EUR","pebioil",0.0431286954581523
"2050","NEU","peoil",0.0691177215577253
"2050","NEU","pegas",0.13754586202414
"2050","NEU","pecoal",0.0488669434741974
"2050","NEU","peur",0.000179099934394729
"2050","NEU","pegeo",0.00363759098685453
"2050","NEU","pehyd",0.0377537780552964
"2050","NEU","pewin",0.0305387818491395
"2050","NEU","pesol",0.0270105537280626
"2050","NEU","pebiolc",0.0428934794534535
"2050","NEU","pebios",1.24533028515721E-6
"2050","NEU","pebioil",1.85868165E-5
"2050","MEA","peoil",0.336776944410007
"2050","MEA","pegas",1.81956044620796
"2050","MEA","pecoal",0.23419329121389
"2050","MEA","peur",0.000906454951037182
"2050","MEA","pegeo",1.004E-5
"2050","MEA","pehyd",0.0088524051031702
"2050","MEA","pewin",0.124438816664519
"2050","MEA","pesol",0.234540259332023
"2050","MEA","pebiolc",0.0336752839176726
"2050","MEA","pebios",0
"2050","MEA","pebioil",0
"2050","REF","peoil",0.209327139334315
"2050","REF","pegas",0.589650618316175
"2050","REF","pecoal",0.169600317369839
"2050","REF","peur",0.00369752018506603
"2050","REF","pegeo",0.00025372
"2050","REF","pehyd",0.0268968448413396
"2050","REF","pewin",0.0522148018984386
"2050","REF","pesol",0.07360623332065
"2050","REF","pebiolc",0.103815988271471
"2050","REF","pebios",0
"2050","REF","pebioil",4.31313426101021E-5
"2050","CAZ","peoil",0.065120429692464
"2050","CAZ","pegas",0.0391440824903693
"2050","CAZ","pecoal",0.00250442807549077
"2050","CAZ","peur",0.000615392455670958
"2050","CAZ","pegeo",0.00491684246832411
"2050","CAZ","pehyd",0.0542623781485944
"2050","CAZ","pewin",0.0353740368627398
"2050","CAZ","pesol",0.0327493186081234
"2050","CAZ","pebiolc",0.144440637004457
"2050","CAZ","pebios",0.0017240942628
"2050","CAZ","pebioil",0.000198834063309307
"2050","CHA","peoil",0.779253226570946
"2050","CHA","pegas",0.416790367755715
"2050","CHA","pecoal",0.679944501093132
"2050","CHA","peur",0.0240165677408958
"2050","CHA","pegeo",0.00194915192353415
"2050","CHA","pehyd",0.209453537138495
"2050","CHA","pewin",0.404206718650668
"2050","CHA","pesol",0.519523730319438
"2050","CHA","pebiolc",0.329892034521934
"2050","CHA","pebios",0.0047565
"2050","CHA","pebioil",0.0007408198014
"2050","IND","peoil",0.798920142415028
"2050","IND","pegas",0.10444667067446
"2050","IND","pecoal",0.526690311106535
"2050","IND","peur",0.0250851890945108
"2050","IND","pegeo",0.00128849619637234
"2050","IND","pehyd",0.0312727663904945
"2050","IND","pewin",0.204440583723162
"2050","IND","pesol",0.318905368926985
"2050","IND","pebiolc",0.0943104124346725
"2050","IND","pebios",1.28265719175606E-5
"2050","IND","pebioil",2.65526856E-5
"2050","JPN","peoil",0.103675593087988
"2050","JPN","pegas",0.0321197935375579
"2050","JPN","pecoal",0.0170704917204252
"2050","JPN","peur",0.0016808414884124
"2050","JPN","pegeo",0.00186043606536095
"2050","JPN","pehyd",0.0131913615
"2050","JPN","pewin",0.0594326429020062
"2050","JPN","pesol",0.0209805035432856
"2050","JPN","pebiolc",0.0666081672729219
"2050","JPN","pebios",0
"2050","JPN","pebioil",0
"2050","USA","peoil",0.312513125132118
"2050","USA","pegas",0.202913339070669
"2050","USA","pecoal",0.0100569768820996
"2050","USA","peur",0.00459686434462317
"2050","USA","pegeo",0.0194875666415691
"2050","USA","pehyd",0.040747354
"2050","USA","pewin",0.328847131883001
"2050","USA","pesol",0.349448616576126
"2050","USA","pebiolc",0.445412433892966
"2050","USA","pebios",0.0551754
"2050","USA","pebioil",0.010101525554494
"2055","LAM","peoil",0.446514975680975
"2055","LAM","pegas",0.208611783149335
"2055","LAM","pecoal",0.0158972745194914
"2055","LAM","peur",0.000391602297195287
"2055","LAM","pegeo",0.0253198757854091
"2055","LAM","pehyd",0.13738588250531
"2055","LAM","pewin",0.249515153437505
"2055","LAM","pesol",0.214679446228578
"2055","LAM","pebiolc",0.373472307275423
"2055","LAM","pebios",0.054404948472
"2055","LAM","pebioil",0.01218744824285
"2055","OAS","peoil",0.977686382029916
"2055","OAS","pegas",0.324734993553839
"2055","OAS","pecoal",0.302153514154391
"2055","OAS","peur",0.00416099667149999
"2055","OAS","pegeo",0.0152094696669246
"2055","OAS","pehyd",0.053454176581686
"2055","OAS","pewin",0.402451308214271
"2055","OAS","pesol",0.370166204959672
"2055","OAS","pebiolc",0.124117953467868
"2055","OAS","pebios",7.50366719941397E-6
"2055","OAS","pebioil",0.00198037403110191
"2055","SSA","peoil",0.851591199012319
"2055","SSA","pegas",0.196808709706366
"2055","SSA","pecoal",0.302629752647497
"2055","SSA","peur",6.71058874205331E-5
"2055","SSA","pegeo",0.018689833666085
"2055","SSA","pehyd",0.0765584533470351
"2055","SSA","pewin",0.287687223952954
"2055","SSA","pesol",0.28294364606065
"2055","SSA","pebiolc",0.176035127788136
"2055","SSA","pebios",2.6553954E-6
"2055","SSA","pebioil",0
"2055","EUR","peoil",0.24192249104136
"2055","EUR","pegas",0.155683116208864
"2055","EUR","pecoal",0.0374542782002063
"2055","EUR","peur",0.00280163777568028
"2055","EUR","pegeo",0.0410593883791919
"2055","EUR","pehyd",0.0437042416118272
"2055","EUR","pewin",0.386597212306534
"2055","EUR","pesol",0.197044820963586
"2055","EUR","pebiolc",0.241402473205911
"2055","EUR","pebios",0.0155379
"2055","EUR","pebioil",0.0431415317382
"2055","NEU","peoil",0.0512189648420992
"2055","NEU","pegas",0.16303106668521
"2055","NEU","pecoal",0.0493941365384201
"2055","NEU","peur",0.000117142583058988
"2055","NEU","pegeo",0.0026030505922559
"2055","NEU","pehyd",0.0370949308285684
"2055","NEU","pewin",0.0388420727009817
"2055","NEU","pesol",0.0276817166265815
"2055","NEU","pebiolc",0.043253597519219
"2055","NEU","pebios",1.22598847336796E-6
"2055","NEU","pebioil",1.85868165E-5
"2055","MEA","peoil",0.233661672337158
"2055","MEA","pegas",2.04925568366194
"2055","MEA","pecoal",0.205430204540696
"2055","MEA","peur",0.000853311017319426
"2055","MEA","pegeo",0.000128793877508839
"2055","MEA","pehyd",0.00878546508453561
"2055","MEA","pewin",0.181585607393637
"2055","MEA","pesol",0.28352326528505
"2055","MEA","pebiolc",0.0380807793733101
"2055","MEA","pebios",0
"2055","MEA","pebioil",0
"2055","REF","peoil",0.162732690917
"2055","REF","pegas",0.646026715916758
"2055","REF","pecoal",0.113165653657153
"2055","REF","peur",0.00291170409309469
"2055","REF","pegeo",0.000253724264414997
"2055","REF","pehyd",0.0268968448413396
"2055","REF","pewin",0.0708460591408905
"2055","REF","pesol",0.0880321354361656
"2055","REF","pebiolc",0.105836608627443
"2055","REF","pebios",0
"2055","REF","pebioil",4.38118044E-5
"2055","CAZ","peoil",0.0416974586779473
"2055","CAZ","pegas",0.0533989535804964
"2055","CAZ","pecoal",0.00323090043967873
"2055","CAZ","peur",0.00037175196556289
"2055","CAZ","pegeo",0.00461580527949416
"2055","CAZ","pehyd",0.0540775507397865
"2055","CAZ","pewin",0.0411293055851515
"2055","CAZ","pesol",0.0318329093141798
"2055","CAZ","pebiolc",0.16446476218462
"2055","CAZ","pebios",0.00169067928380831
"2055","CAZ","pebioil",0.0002164042608
"2055","CHA","peoil",0.627375405596206
"2055","CHA","pegas",0.366246523945264
"2055","CHA","pecoal",0.632293458215572
"2055","CHA","peur",0.0231721364855645
"2055","CHA","pegeo",0.00897586199449221
"2055","CHA","pehyd",0.208609494483955
"2055","CHA","pewin",0.425102867386943
"2055","CHA","pesol",0.511625658266303
"2055","CHA","pebiolc",0.382393936510309
"2055","CHA","pebios",0.00468564099486966
"2055","CHA","pebioil",0.000733322273407158
"2055","IND","peoil",0.781634734809817
"2055","IND","pegas",0.114839776131693
"2055","IND","pecoal",0.500305301196214
"2055","IND","peur",0.0261762090823937
"2055","IND","pegeo",0.00348897198872102
"2055","IND","pehyd",0.0322344319027401
"2055","IND","pewin",0.242280205482453
"2055","IND","pesol",0.390513273583396
"2055","IND","pebiolc",0.069016792077062
"2055","IND","pebios",1.27229870836641E-5
"2055","IND","pebioil",2.56705781092135E-5
"2055","JPN","peoil",0.0879608737459708
"2055","JPN","pegas",0.0280897802093096
"2055","JPN","pecoal",0.0153522617115869
"2055","JPN","peur",0.000938693451035158
"2055","JPN","pegeo",0.00255027378318466
"2055","JPN","pehyd",0.0127250690208525
"2055","JPN","pewin",0.0650837232623741
"2055","JPN","pesol",0.0192310775910406
"2055","JPN","pebiolc",0.0718364879084526
"2055","JPN","pebios",0
"2055","JPN","pebioil",0
"2055","USA","peoil",0.244539594424469
"2055","USA","pegas",0.180739581420068
"2055","USA","pecoal",0.0120655244573246
"2055","USA","peur",0.00250624421664779
"2055","USA","pegeo",0.0254389425739522
"2055","USA","pehyd",0.0396437825392306
"2055","USA","pewin",0.354428371167125
"2055","USA","pesol",0.370067444258953
"2055","USA","pebiolc",0.516313382807465
"2055","USA","pebios",0.0516757737628026
"2055","USA","pebioil",0.0101472
"2060","LAM","peoil",0.369855035460662
"2060","LAM","pegas",0.220834135671333
"2060","LAM","pecoal",0.0174659241580172
"2060","LAM","peur",0.000295769427128087
"2060","LAM","pegeo",0.0341896346478258
"2060","LAM","pehyd",0.137630031579612
"2060","LAM","pewin",0.301216632115314
"2060","LAM","pesol",0.23520643596245
"2060","LAM","pebiolc",0.464025002785988
"2060","LAM","pebios",0.054404948472
"2060","LAM","pebioil",0.012400090857
"2060","OAS","peoil",0.935893172377705
"2060","OAS","pegas",0.333849989689554
"2060","OAS","pecoal",0.323231691966267
"2060","OAS","peur",0.00369596992624374
"2060","OAS","pegeo",0.020163033021233
"2060","OAS","pehyd",0.053271491312012
"2060","OAS","pewin",0.499613361858866
"2060","OAS","pesol",0.448704490170838
"2060","OAS","pebiolc",0.136659781737537
"2060","OAS","pebios",7.21193580389814E-6
"2060","OAS","pebioil",0.002057833134
"2060","SSA","peoil",1.04914544900057
"2060","SSA","pegas",0.271330936288578
"2060","SSA","pecoal",0.307782868227631
"2060","SSA","peur",3.94554172860713E-5
"2060","SSA","pegeo",0.0295187234981375
"2060","SSA","pehyd",0.0790273569345774
"2060","SSA","pewin",0.412347101422688
"2060","SSA","pesol",0.405348711032363
"2060","SSA","pebiolc",0.169160479101447
"2060","SSA","pebios",2.6553954E-6
"2060","SSA","pebioil",0
"2060","EUR","peoil",0.202540484742754
"2060","EUR","pegas",0.142237256875724
"2060","EUR","pecoal",0.0390735692118482
"2060","EUR","peur",0.000964969377093191
"2060","EUR","pegeo",0.0532903551033109
"2060","EUR","pehyd",0.0421982490854543
"2060","EUR","pewin",0.448576317344225
"2060","EUR","pesol",0.204241136833657
"2060","EUR","pebiolc",0.249311428315737
"2060","EUR","pebios",0.015533325016213
"2060","EUR","pebioil",0.0389048406499714
"2060","NEU","peoil",0.032150020980867
"2060","NEU","pegas",0.184664482553184
"2060","NEU","pecoal",0.0500624237343896
"2060","NEU","peur",7.04342927849766E-5
"2060","NEU","pegeo",0.00198076485381529
"2060","NEU","pehyd",0.0364260075441779
"2060","NEU","pewin",0.0504042754630653
"2060","NEU","pesol",0.0298354259268115
"2060","NEU","pebiolc",0.0429092831960855
"2060","NEU","pebios",1.23177328752564E-6
"2060","NEU","pebioil",1.85868165E-5
"2060","MEA","peoil",0.141721780620141
"2060","MEA","pegas",2.19699026468739
"2060","MEA","pecoal",0.177710617070153
"2060","MEA","peur",0.000774194908560584
"2060","MEA","pegeo",0.000735716206611301
"2060","MEA","pehyd",0.00871353713826111
"2060","MEA","pewin",0.250250660068922
"2060","MEA","pesol",0.341952507939742
"2060","MEA","pebiolc",0.0394138148544223
"2060","MEA","pebios",0
"2060","MEA","pebioil",0
"2060","REF","peoil",0.117084310613219
"2060","REF","pegas",0.70739345239659
"2060","REF","pecoal",0.0831402962646842
"2060","REF","peur",0.00220591166252268
"2060","REF","pegeo",0.000240980799670648
"2060","REF","pehyd",0.0269103163379622
"2060","REF","pewin",0.0931739300555185
"2060","REF","pesol",0.104119543744801
"2060","REF","pebiolc",0.109366958338374
"2060","REF","pebios",0
"2060","REF","pebioil",4.28086473263732E-5
"2060","CAZ","peoil",0.0235013182137442
"2060","CAZ","pegas",0.0668253728550984
"2060","CAZ","pecoal",0.00386979298070202
"2060","CAZ","peur",0.000185176067550474
"2060","CAZ","pegeo",0.00455125943955981
"2060","CAZ","pehyd",0.053875302
"2060","CAZ","pewin",0.0489188748839654
"2060","CAZ","pesol",0.0317942517067253
"2060","CAZ","pebiolc",0.172241645533634
"2060","CAZ","pebios",0.0017240942628
"2060","CAZ","pebioil",0.0002164042608
"2060","CHA","peoil",0.469040408812715
"2060","CHA","pegas",0.296603896964204
"2060","CHA","pecoal",0.616497476505634
"2060","CHA","peur",0.0216190845301736
"2060","CHA","pegeo",0.0229458378218786
"2060","CHA","pehyd",0.207577058800279
"2060","CHA","pewin",0.439812660640596
"2060","CHA","pesol",0.498191599638258
"2060","CHA","pebiolc",0.452427061123919
"2060","CHA","pebios",0.00465149832407388
"2060","CHA","pebioil",0.0007408198014
"2060","IND","peoil",0.757272247270603
"2060","IND","pegas",0.123783533444725
"2060","IND","pecoal",0.467273435931922
"2060","IND","peur",0.0264369604883092
"2060","IND","pegeo",0.0074122762413906
"2060","IND","pehyd",0.0329066411323971
"2060","IND","pewin",0.289740748961616
"2060","IND","pesol",0.482053938039824
"2060","IND","pebiolc",0.0495183834306073
"2060","IND","pebios",1.32700008E-5
"2060","IND","pebioil",2.65526856E-5
"2060","JPN","peoil",0.0718696241967451
"2060","JPN","pegas",0.0277508354676824
"2060","JPN","pecoal",0.0147362340236286
"2060","JPN","peur",0.000411578207480654
"2060","JPN","pegeo",0.00345303885548578
"2060","JPN","pehyd",0.0122546840779679
"2060","JPN","pewin",0.0707885234754831
"2060","JPN","pesol",0.0197969793964762
"2060","JPN","pebiolc",0.0763084789221286
"2060","JPN","pebios",0
"2060","JPN","pebioil",0
"2060","USA","peoil",0.199595306412666
"2060","USA","pegas",0.172676663997738
"2060","USA","pecoal",0.0138957183271979
"2060","USA","peur",0.00101614819840701
"2060","USA","pegeo",0.032831265017779
"2060","USA","pehyd",0.0383845698027781
"2060","USA","pewin",0.406799239311088
"2060","USA","pesol",0.39639531782392
"2060","USA","pebiolc",0.56353511062187
"2060","USA","pebios",0.04965786
"2060","USA","pebioil",0.00913248
"2070","LAM","peoil",0.258819366090462
"2070","LAM","pegas",0.212268535768009
"2070","LAM","pecoal",0.0211362185199769
"2070","LAM","peur",0.000119924921384105
"2070","LAM","pegeo",0.0492956413062642
"2070","LAM","pehyd",0.13724424772895
"2070","LAM","pewin",0.420564774375579
"2070","LAM","pesol",0.315886185989609
"2070","LAM","pebiolc",0.612479341595632
"2070","LAM","pebios",0.054404948472
"2070","LAM","pebioil",0.012400090857
"2070","OAS","peoil",0.753645267559555
"2070","OAS","pegas",0.305906830205034
"2070","OAS","pecoal",0.356202340367932
"2070","OAS","peur",0.00282340468775613
"2070","OAS","pegeo",0.041532014300856
"2070","OAS","pehyd",0.052670314
"2070","OAS","pewin",0.764074164786616
"2070","OAS","pesol",0.741979814041053
"2070","OAS","pebiolc",0.158138839689539
"2070","OAS","pebios",7.9658691E-6
"2070","OAS","pebioil",0.002057833134
"2070","SSA","peoil",1.2362163235298
"2070","SSA","pegas",0.366587944225055
"2070","SSA","pecoal",0.346803664133947
"2070","SSA","peur",3.40418600865315E-6
"2070","SSA","pegeo",0.0583885629812047
"2070","SSA","pehyd",0.0813684421792924
"2070","SSA","pewin",0.771472605425
"2070","SSA","pesol",0.758030161835057
"2070","SSA","pebiolc",0.207909999011657
"2070","SSA","pebios",2.6553954E-6
"2070","SSA","pebioil",0
"2070","EUR","peoil",0.128226426070627
"2070","EUR","pegas",0.11048947578088
"2070","EUR","pecoal",0.0390734575386684
"2070","EUR","peur",1.6562188139683E-7
"2070","EUR","pegeo",0.0636756832920091
"2070","EUR","pehyd",0.0393835980844243
"2070","EUR","pewin",0.561408576370657
"2070","EUR","pesol",0.262367526724015
"2070","EUR","pebiolc",0.25630763485399
"2070","EUR","pebios",0.0155379
"2070","EUR","pebioil",0.0431415317382
"2070","NEU","peoil",0.00414905913490261
"2070","NEU","pegas",0.185443185369328
"2070","NEU","pecoal",0.0509263988763196
"2070","NEU","peur",3.01667055721507E-5
"2070","NEU","pegeo",0.00280437188270384
"2070","NEU","pehyd",0.0350487124196547
"2070","NEU","pewin",0.0861830636187846
"2070","NEU","pesol",0.0466934178935932
"2070","NEU","pebiolc",0.0424181462727882
"2070","NEU","pebios",1.3276977E-6
"2070","NEU","pebioil",1.85868165E-5
"2070","MEA","peoil",0.0294551370860926
"2070","MEA","pegas",2.14940190566407
"2070","MEA","pecoal",0.167363027549972
"2070","MEA","peur",0.000507211068781852
"2070","MEA","pegeo",0.00653877321168253
"2070","MEA","pehyd",0.00846776695237642
"2070","MEA","pewin",0.442404961776156
"2070","MEA","pesol",0.535135769230441
"2070","MEA","pebiolc",0.0423573692490936
"2070","MEA","pebios",0
"2070","MEA","pebioil",0
"2070","REF","peoil",0.0450587743234114
"2070","REF","pegas",0.76197111069008
"2070","REF","pecoal",0.0573463404390354
"2070","REF","peur",0.00103257525129731
"2070","REF","pegeo",0.00025372
"2070","REF","pehyd",0.0268968448413396
"2070","REF","pewin",0.141444703905339
"2070","REF","pesol",0.1349967708314
"2070","REF","pebiolc",0.116541447724475
"2070","REF","pebios",0
"2070","REF","pebioil",4.38118044E-5
"2070","CAZ","peoil",0.00386211015024157
"2070","CAZ","pegas",0.0910931122147913
"2070","CAZ","pecoal",0.00449013168025511
"2070","CAZ","peur",1.19094263347708E-5
"2070","CAZ","pegeo",0.00515691260959638
"2070","CAZ","pehyd",0.0535168518924283
"2070","CAZ","pewin",0.0719992951446389
"2070","CAZ","pesol",0.044044402900461
"2070","CAZ","pebiolc",0.160389963165204
"2070","CAZ","pebios",0.0017240942628
"2070","CAZ","pebioil",0.0002164042608
"2070","CHA","peoil",0.223570165097595
"2070","CHA","pegas",0.195959886282734
"2070","CHA","pecoal",0.544893432381736
"2070","CHA","peur",0.0163360770951796
"2070","CHA","pegeo",0.0626213271398098
"2070","CHA","pehyd",0.205146360631397
"2070","CHA","pewin",0.477415722954695
"2070","CHA","pesol",0.505097128017031
"2070","CHA","pebiolc",0.601161195631119
"2070","CHA","pebios",0.0047565
"2070","CHA","pebioil",0.0007408198014
"2070","IND","peoil",0.686013740561524
"2070","IND","pegas",0.118468126411345
"2070","IND","pecoal",0.384196838282272
"2070","IND","peur",0.0245231613899147
"2070","IND","pegeo",0.0234554390902988
"2070","IND","pehyd",0.033422344
"2070","IND","pewin",0.440967429880017
"2070","IND","pesol",0.747965074265236
"2070","IND","pebiolc",0.0437030786532782
"2070","IND","pebios",1.32700008E-5
"2070","IND","pebioil",2.65526856E-5
"2070","JPN","peoil",0.0346605488183305
"2070","JPN","pegas",0.0238935687821419
"2070","JPN","pecoal",0.0147623057744713
"2070","JPN","peur",0.000119697267039865
"2070","JPN","pegeo",0.00518607477348415
"2070","JPN","pehyd",0.0112976444975771
"2070","JPN","pewin",0.0918347953028495
"2070","JPN","pesol",0.0236677384649711
"2070","JPN","pebiolc",0.0823633065089379
"2070","JPN","pebios",0
"2070","JPN","pebioil",0
"2070","USA","peoil",0.0722750747786635
"2070","USA","pegas",0.148836876603418
"2070","USA","pecoal",0.0180770466501678
"2070","USA","peur",0.000166072623913068
"2070","USA","pegeo",0.0431112625899317
"2070","USA","pehyd",0.0356619696582355
"2070","USA","pewin",0.577263236899319
"2070","USA","pesol",0.546399612135373
"2070","USA","pebiolc",0.600447379771833
"2070","USA","pebios",0.04965786
"2070","USA","pebioil",0.0101472
"2080","LAM","peoil",0.135833711416958
"2080","LAM","pegas",0.181362087392188
"2080","LAM","pecoal",0.0242065824922355
"2080","LAM","peur",2.45058476711458E-5
"2080","LAM","pegeo",0.0552117109614281
"2080","LAM","pehyd",0.1366066875
"2080","LAM","pewin",0.567405267236704
"2080","LAM","pesol",0.479163721322329
"2080","LAM","pebiolc",0.698652060057096
"2080","LAM","pebios",0.054404948472
"2080","LAM","pebioil",0.012400090857
"2080","OAS","peoil",0.496233340171347
"2080","OAS","pegas",0.279384195406136
"2080","OAS","pecoal",0.395473694604895
"2080","OAS","peur",0.0015968182862193
"2080","OAS","pegeo",0.0685098605857886
"2080","OAS","pehyd",0.0515587022427143
"2080","OAS","pewin",1.07186661852064
"2080","OAS","pesol",1.24585812134608
"2080","OAS","pebiolc",0.195633109210782
"2080","OAS","pebios",7.93021445279863E-6
"2080","OAS","pebioil",0.002057833134
"2080","SSA","peoil",1.27062746703578
"2080","SSA","pegas",0.389175007900873
"2080","SSA","pecoal",0.442360400909116
"2080","SSA","peur",0
"2080","SSA","pegeo",0.0926225221918063
"2080","SSA","pehyd",0.0811477404076691
"2080","SSA","pewin",1.18168754025909
"2080","SSA","pesol",1.2581624198011
"2080","SSA","pebiolc",0.229052468214912
"2080","SSA","pebios",2.57595528906723E-6
"2080","SSA","pebioil",0
"2080","EUR","peoil",0.0800396650073022
"2080","EUR","pegas",0.0851622867020109
"2080","EUR","pecoal",0.0390678078630324
"2080","EUR","peur",0
"2080","EUR","pegeo",0.0607829070718284
"2080","EUR","pehyd",0.0376311026489453
"2080","EUR","pewin",0.659120324306375
"2080","EUR","pesol",0.356144189854744
"2080","EUR","pebiolc",0.256983916986493
"2080","EUR","pebios",0.01398411
"2080","EUR","pebioil",0.0431415317382
"2080","NEU","peoil",3.0839289808789E-7
"2080","NEU","pegas",0.135315542530282
"2080","NEU","pecoal",0.0510355054082425
"2080","NEU","peur",3.41127251095578E-6
"2080","NEU","pegeo",0.00421009550768476
"2080","NEU","pehyd",0.033644314
"2080","NEU","pewin",0.127736336833873
"2080","NEU","pesol",0.0757882857327809
"2080","NEU","pebiolc",0.0440154242115109
"2080","NEU","pebios",1.19492793E-6
"2080","NEU","pebioil",1.74130171082366E-5
"2080","MEA","peoil",3.28986885356886E-7
"2080","MEA","pegas",1.85294129111839
"2080","MEA","pecoal",0.151721906271022
"2080","MEA","peur",0.000130268565965192
"2080","MEA","pegeo",0.0216493051509479
"2080","MEA","pehyd",0.00819553704283522
"2080","MEA","pewin",0.650012981769154
"2080","MEA","pesol",0.922479716573444
"2080","MEA","pebiolc",0.0483637255303457
"2080","MEA","pebios",0
"2080","MEA","pebioil",0
"2080","REF","peoil",8.10975000980668E-7
"2080","REF","pegas",0.854228647717611
"2080","REF","pecoal",0.0466619424035848
"2080","REF","peur",0.000253496672246699
"2080","REF","pegeo",0.000429570711149385
"2080","REF","pehyd",0.0268968448413396
"2080","REF","pewin",0.169307517399814
"2080","REF","pesol",0.159703663563739
"2080","REF","pebiolc",0.121624968187891
"2080","REF","pebios",0
"2080","REF","pebioil",4.20975475712982E-5
"2080","CAZ","peoil",0.000154818746612912
"2080","CAZ","pegas",0.0997805257324702
"2080","CAZ","pecoal",0.00459963469896623
"2080","CAZ","peur",0
"2080","CAZ","pegeo",0.00555084893096601
"2080","CAZ","pehyd",0.0534755871121465
"2080","CAZ","pewin",0.106744332379495
"2080","CAZ","pesol",0.071831373257404
"2080","CAZ","pebiolc",0.124615085538348
"2080","CAZ","pebios",0.0017240942628
"2080","CAZ","pebioil",0.0002164042608
"2080","CHA","peoil",0.109149036994656
"2080","CHA","pegas",0.160521001450999
"2080","CHA","pecoal",0.38780292722444
"2080","CHA","peur",0.00872666375739761
"2080","CHA","pegeo",0.082496024820052
"2080","CHA","pehyd",0.20206755362047
"2080","CHA","pewin",0.523237121805843
"2080","CHA","pesol",0.588937829004012
"2080","CHA","pebiolc",0.685862596039844
"2080","CHA","pebios",0.00446951498059799
"2080","CHA","pebioil",0.0007408198014
"2080","IND","peoil",0.524663531404953
"2080","IND","pegas",0.113878317795734
"2080","IND","pecoal",0.384555879322985
"2080","IND","peur",0.0192025354211625
"2080","IND","pegeo",0.0480116805355651
"2080","IND","pehyd",0.0332973501563054
"2080","IND","pewin",0.626117969423106
"2080","IND","pesol",1.15225225021791
"2080","IND","pebiolc",0.0527702684368938
"2080","IND","pebios",1.32700008E-5
"2080","IND","pebioil",2.65526856E-5
"2080","JPN","peoil",0.0151935157651786
"2080","JPN","pegas",0.0169924151887732
"2080","JPN","pecoal",0.014125326462682
"2080","JPN","peur",8.39529344941719E-5
"2080","JPN","pegeo",0.00584660748745765
"2080","JPN","pehyd",0.0103140750776669
"2080","JPN","pewin",0.119146974753867
"2080","JPN","pesol",0.0268618411633102
"2080","JPN","pebiolc",0.0874755604049869
"2080","JPN","pebios",0
"2080","JPN","pebioil",0
"2080","USA","peoil",0.00755579232193024
"2080","USA","pegas",0.110239892461604
"2080","USA","pecoal",0.0199731640433462
"2080","USA","peur",3.71613931146966E-5
"2080","USA","pegeo",0.0425530106404306
"2080","USA","pehyd",0.033296131039366
"2080","USA","pewin",0.702222938269059
"2080","USA","pesol",0.745095474741547
"2080","USA","pebiolc",0.561971357084954
"2080","USA","pebios",0.0516195829099778
"2080","USA","pebioil",0.0101472
"2090","LAM","peoil",0.0439703728268497
"2090","LAM","pegas",0.144441512576403
"2090","LAM","pecoal",0.0261484783611571
"2090","LAM","peur",6.69849400323985E-7
"2090","LAM","pegeo",0.0522546404793335
"2090","LAM","pehyd",0.1366066875
"2090","LAM","pewin",0.718886091004848
"2090","LAM","pesol",0.635445795943844
"2090","LAM","pebiolc",0.713523435999419
"2090","LAM","pebios",0.0520947200590558
"2090","LAM","pebioil",0.012400090857
"2090","OAS","peoil",0.26739322132564
"2090","OAS","pegas",0.23690918516008
"2090","OAS","pecoal",0.406367877143731
"2090","OAS","peur",0.000589990410864249
"2090","OAS","pegeo",0.0889190643402481
"2090","OAS","pehyd",0.0504728580403355
"2090","OAS","pewin",1.31516533947788
"2090","OAS","pesol",1.7051504769389
"2090","OAS","pebiolc",0.302794460302163
"2090","OAS","pebios",7.9658691E-6
"2090","OAS","pebioil",0.002057833134
"2090","SSA","peoil",1.19882946603789
"2090","SSA","pegas",0.351369795323437
"2090","SSA","pecoal",0.557649259953094
"2090","SSA","peur",0
"2090","SSA","pegeo",0.135296762868137
"2090","SSA","pehyd",0.0801348339525489
"2090","SSA","pewin",1.58791003959537
"2090","SSA","pesol",1.99228066283199
"2090","SSA","pebiolc",0.201590342031639
"2090","SSA","pebios",2.6553954E-6
"2090","SSA","pebioil",0
"2090","EUR","peoil",0.0155994021413386
"2090","EUR","pegas",0.0662942681166885
"2090","EUR","pecoal",0.0390540988838908
"2090","EUR","peur",0
"2090","EUR","pegeo",0.0591473317423331
"2090","EUR","pehyd",0.0376311026489453
"2090","EUR","pewin",0.752279649191134
"2090","EUR","pesol",0.409171521049338
"2090","EUR","pebiolc",0.267960335930958
"2090","EUR","pebios",0.0143491652413972
"2090","EUR","pebioil",0.0431415317382
"2090","NEU","peoil",3.0839289808789E-7
"2090","NEU","pegas",0.0751147248372187
"2090","NEU","pecoal",0.0505236398276464
"2090","NEU","peur",0
"2090","NEU","pegeo",0.0053238619066129
"2090","NEU","pehyd",0.0319957776642282
"2090","NEU","pewin",0.157675445030826
"2090","NEU","pesol",0.0943197969466071
"2090","NEU","pebiolc",0.0578426553844547
"2090","NEU","pebios",1.19492793E-6
"2090","NEU","pebioil",1.85868165E-5
"2090","MEA","peoil",3.81965822194917E-7
"2090","MEA","pegas",1.49482564761948
"2090","MEA","pecoal",0.178987840853863
"2090","MEA","peur",1.02655759000283E-5
"2090","MEA","pegeo",0.0483544172580952
"2090","MEA","pehyd",0.00788802663157284
"2090","MEA","pewin",0.853926336827291
"2090","MEA","pesol",1.33092863131032
"2090","MEA","pebiolc",0.0607364456037841
"2090","MEA","pebios",0
"2090","MEA","pebioil",0
"2090","REF","peoil",8.88027720747361E-7
"2090","REF","pegas",0.829969840311287
"2090","REF","pecoal",0.0338158576144501
"2090","REF","peur",2.668052707429E-5
"2090","REF","pegeo",0.00226923466314142
"2090","REF","pehyd",0.0272815884807996
"2090","REF","pewin",0.177904797764904
"2090","REF","pesol",0.168370553094418
"2090","REF","pebiolc",0.132703970861649
"2090","REF","pebios",0
"2090","REF","pebioil",4.38118044E-5
"2090","CAZ","peoil",9.69780015480156E-5
"2090","CAZ","pegas",0.0892184624915002
"2090","CAZ","pecoal",0.00460040985700887
"2090","CAZ","peur",0
"2090","CAZ","pegeo",0.00618934005451068
"2090","CAZ","pehyd",0.053865457411709
"2090","CAZ","pewin",0.151008484578578
"2090","CAZ","pesol",0.0972625750877103
"2090","CAZ","pebiolc",0.0965920250642117
"2090","CAZ","pebios",0.0017240942628
"2090","CAZ","pebioil",0.0002164042608
"2090","CHA","peoil",0.0694532960655045
"2090","CHA","pegas",0.134742130671543
"2090","CHA","pecoal",0.181105739453265
"2090","CHA","peur",0.00366250104155349
"2090","CHA","pegeo",0.079734617859379
"2090","CHA","pehyd",0.198627937657591
"2090","CHA","pewin",0.579689073986664
"2090","CHA","pesol",0.674651548687266
"2090","CHA","pebiolc",0.7179580610281
"2090","CHA","pebios",0.0047565
"2090","CHA","pebioil",0.0007408198014
"2090","IND","peoil",0.332007652121835
"2090","IND","pegas",0.111675859820667
"2090","IND","pecoal",0.455947766215249
"2090","IND","peur",0.0110497762545553
"2090","IND","pegeo",0.0736554981024435
"2090","IND","pehyd",0.0332509742301295
"2090","IND","pewin",0.77531204275842
"2090","IND","pesol",1.58172566386518
"2090","IND","pebiolc",0.061991079357887
"2090","IND","pebios",1.32700008E-5
"2090","IND","pebioil",2.65526856E-5
"2090","JPN","peoil",0.00678980693762151
"2090","JPN","pegas",0.012896638293049
"2090","JPN","pecoal",0.0140217435469817
"2090","JPN","peur",2.87158218088436E-5
"2090","JPN","pegeo",0.0053224663339064
"2090","JPN","pehyd",0.00946689384611043
"2090","JPN","pewin",0.137280540846789
"2090","JPN","pesol",0.0266725313947972
"2090","JPN","pebiolc",0.0894982559409945
"2090","JPN","pebios",0
"2090","JPN","pebioil",0
"2090","USA","peoil",5.46782183076305E-7
"2090","USA","pegas",0.0857340777943203
"2090","USA","pecoal",0.0201355588297714
"2090","USA","peur",0
"2090","USA","pegeo",0.0379266510353446
"2090","USA","pehyd",0.0321971926894412
"2090","USA","pewin",0.778556563247652
"2090","USA","pesol",0.868388275461211
"2090","USA","pebiolc",0.505481396512185
"2090","USA","pebios",0.04965786
"2090","USA","pebioil",0.0101472
"2100","LAM","peoil",5.49718803086844E-7
"2100","LAM","pegas",0.111156585166803
"2100","LAM","pecoal",0.0272183085809601
"2100","LAM","peur",0
"2100","LAM","pegeo",0.0436667149806579
"2100","LAM","pehyd",0.130662735413111
"2100","LAM","pewin",0.799992250605482
"2100","LAM","pesol",0.718018202867991
"2100","LAM","pebiolc",0.687628520712542
"2100","LAM","pebios",0.0489644536248
"2100","LAM","pebioil",0.012400090857
"2100","OAS","peoil",0.091576467266647
"2100","OAS","pegas",0.199692429886756
"2100","OAS","pecoal",0.343433506948796
"2100","OAS","peur",0.000117630276802022
"2100","OAS","pegeo",0.0970992563114444
"2100","OAS","pehyd",0.0483939571939213
"2100","OAS","pewin",1.46586979211271
"2100","OAS","pesol",1.88620653687199
"2100","OAS","pebiolc",0.501487891282662
"2100","OAS","pebios",7.9658691E-6
"2100","OAS","pebioil",0.002057833134
"2100","SSA","peoil",0.898790627818107
"2100","SSA","pegas",0.304120157313164
"2100","SSA","pecoal",0.797781211174949
"2100","SSA","peur",0
"2100","SSA","pegeo",0.170214116657797
"2100","SSA","pehyd",0.0790453414312986
"2100","SSA","pewin",1.91794250099365
"2100","SSA","pesol",2.82379885143612
"2100","SSA","pebiolc",0.23252340538757
"2100","SSA","pebios",2.6553954E-6
"2100","SSA","pebioil",0
"2100","EUR","peoil",6.03563995590201E-8
"2100","EUR","pegas",0.0473926207066534
"2100","EUR","pecoal",0.0372900546828027
"2100","EUR","peur",0
"2100","EUR","pegeo",0.0569451708669425
"2100","EUR","pehyd",0.0388198592736318
"2100","EUR","pewin",0.800202862827581
"2100","EUR","pesol",0.435695328129111
"2100","EUR","pebiolc",0.295769752923738
"2100","EUR","pebios",0.01398411
"2100","EUR","pebioil",0.0413123085104343
"2100","NEU","peoil",2.96424591693604E-7
"2100","NEU","pegas",0.028932596242608
"2100","NEU","pecoal",0.0485279678711717
"2100","NEU","peur",0
"2100","NEU","pegeo",0.0055148492863528
"2100","NEU","pehyd",0.0298742073895453
"2100","NEU","pewin",0.164488877894227
"2100","NEU","pesol",0.0989681263589962
"2100","NEU","pebiolc",0.0725257120532634
"2100","NEU","pebios",1.29736340697387E-6
"2100","NEU","pebioil",1.85868165E-5
"2100","MEA","peoil",6.28322824868684E-7
"2100","MEA","pegas",1.18499026058949
"2100","MEA","pecoal",0.222315196786871
"2100","MEA","peur",0
"2100","MEA","pegeo",0.0666534494508554
"2100","MEA","pehyd",0.00744248402511121
"2100","MEA","pewin",0.987528234980109
"2100","MEA","pesol",1.56808647608189
"2100","MEA","pebiolc",0.0812189347205598
"2100","MEA","pebios",0
"2100","MEA","pebioil",0
"2100","REF","peoil",7.83821783338444E-7
"2100","REF","pegas",0.716159834498483
"2100","REF","pecoal",0.0299985012169504
"2100","REF","peur",4.88940890135937E-7
"2100","REF","pegeo",0.00939532647398253
"2100","REF","pehyd",0.0268968448413396
"2100","REF","pewin",0.183766454492417
"2100","REF","pesol",0.170124851000041
"2100","REF","pebiolc",0.149858957909111
"2100","REF","pebios",0
"2100","REF","pebioil",4.38118044E-5
"2100","CAZ","peoil",8.47810312771842E-7
"2100","CAZ","pegas",0.0628089563698361
"2100","CAZ","pecoal",0.00460194687479646
"2100","CAZ","peur",0
"2100","CAZ","pegeo",0.00628042035391682
"2100","CAZ","pehyd",0.053618521905187
"2100","CAZ","pewin",0.181348854561213
"2100","CAZ","pesol",0.116855521413665
"2100","CAZ","pebiolc",0.0884923278192181
"2100","CAZ","pebios",0.00171299903273157
"2100","CAZ","pebioil",0.000197148976860295
"2100","CHA","peoil",0.0230579339659809
"2100","CHA","pegas",0.11856435992051
"2100","CHA","pecoal",0.09705263913435
"2100","CHA","peur",0.000981524965769908
"2100","CHA","pegeo",0.0700492929263557
"2100","CHA","pehyd",0.190266034582995
"2100","CHA","pewin",0.641626432592633
"2100","CHA","pesol",0.742036561477505
"2100","CHA","pebiolc",0.686920353609092
"2100","CHA","pebios",0.0047565
"2100","CHA","pebioil",0.0007408198014
"2100","IND","peoil",0.191996241367111
"2100","IND","pegas",0.101586093756668
"2100","IND","pecoal",0.521656881226597
"2100","IND","peur",0.00407877998787239
"2100","IND","pegeo",0.0860558545566927
"2100","IND","pehyd",0.0316141814681135
"2100","IND","pewin",0.84540789298127
"2100","IND","pesol",1.90469149604636
"2100","IND","pebiolc",0.0884002382402846
"2100","IND","pebios",1.32700008E-5
"2100","IND","pebioil",2.65526856E-5
"2100","JPN","peoil",0.00301187644015374
"2100","JPN","pegas",0.0100400747683791
"2100","JPN","pecoal",0.0144483617115407
"2100","JPN","peur",1.98272406084147E-6
"2100","JPN","pegeo",0.00476715786970764
"2100","JPN","pehyd",0.00914392271679473
"2100","JPN","pewin",0.136719440424504
"2100","JPN","pesol",0.0268618511167681
"2100","JPN","pebiolc",0.0871036551355672
"2100","JPN","pebios",0
"2100","JPN","pebioil",0
"2100","USA","peoil",3.44165407144668E-7
"2100","USA","pegas",0.0445972564050899
"2100","USA","pecoal",0.0201208494543645
"2100","USA","peur",0
"2100","USA","pegeo",0.0356000967813453
"2100","USA","pehyd",0.0321971926894412
"2100","USA","pewin",0.793505401974537
"2100","USA","pesol",0.892277419528571
"2100","USA","pebiolc",0.481792252680253
"2100","USA","pebios",0.0496842540591368
"2100","USA","pebioil",0.00960983961079771
"2110","LAM","peoil",3.74720484265524E-7
"2110","LAM","pegas",0.089779162636336
"2110","LAM","pecoal",0.0227898060134167
"2110","LAM","peur",0
"2110","LAM","pegeo",0.0362183619623456
"2110","LAM","pehyd",0.118900373151773
"2110","LAM","pewin",0.762677409699254
"2110","LAM","pesol",0.683888433625624
"2110","LAM","pebiolc",0.649198434203023
"2110","LAM","pebios",0.0489644536248
"2110","LAM","pebioil",0.012400090857
"2110","OAS","peoil",4.79934763169853E-7
"2110","OAS","pegas",0.158764576227872
"2110","OAS","pecoal",0.215356718331538
"2110","OAS","peur",5.39939167348807E-6
"2110","OAS","pegeo",0.0964930934614477
"2110","OAS","pehyd",0.0418764309862803
"2110","OAS","pewin",1.50476843564935
"2110","OAS","pesol",1.76974718326681
"2110","OAS","pebiolc",0.658970493198029
"2110","OAS","pebios",7.16928219E-6
"2110","OAS","pebioil",0.002057833134
"2110","SSA","peoil",0.575780632457298
"2110","SSA","pegas",0.289541419940054
"2110","SSA","pecoal",0.9866479644503
"2110","SSA","peur",0
"2110","SSA","pegeo",0.179598637632176
"2110","SSA","pehyd",0.0780257906085144
"2110","SSA","pewin",2.08648115777296
"2110","SSA","pesol",3.45086577693519
"2110","SSA","pebiolc",0.316724107014635
"2110","SSA","pebios",2.6553954E-6
"2110","SSA","pebioil",0
"2110","EUR","peoil",1.02085465190696E-8
"2110","EUR","pegas",0.0371195662606407
"2110","EUR","pecoal",0.0332647452167503
"2110","EUR","peur",0
"2110","EUR","pegeo",0.0464831031853518
"2110","EUR","pehyd",0.0376311026489453
"2110","EUR","pewin",0.719168673811572
"2110","EUR","pesol",0.406694982904898
"2110","EUR","pebiolc",0.30701613484259
"2110","EUR","pebios",0.01398411
"2110","EUR","pebioil",0.0431415317382
"2110","NEU","peoil",2.07864274571351E-7
"2110","NEU","pegas",0.016310455857092
"2110","NEU","pecoal",0.0271665721029061
"2110","NEU","peur",0
"2110","NEU","pegeo",0.00537558229613121
"2110","NEU","pehyd",0.0276293485035152
"2110","NEU","pewin",0.154468619681661
"2110","NEU","pesol",0.0899548707119373
"2110","NEU","pebiolc",0.0740852641514587
"2110","NEU","pebios",1.19492793E-6
"2110","NEU","pebioil",1.85868165E-5
"2110","MEA","peoil",7.42741003145415E-7
"2110","MEA","pegas",0.842631756436399
"2110","MEA","pecoal",0.208952435573971
"2110","MEA","peur",0
"2110","MEA","pegeo",0.0636392889056389
"2110","MEA","pehyd",0.00589288880987046
"2110","MEA","pewin",1.01804967940686
"2110","MEA","pesol",1.56206234299986
"2110","MEA","pebiolc",0.11260606534902
"2110","MEA","pebios",0
"2110","MEA","pebioil",0
"2110","REF","peoil",5.69780724374345E-7
"2110","REF","pegas",0.5388650196303
"2110","REF","pecoal",0.0202980282259231
"2110","REF","peur",0
"2110","REF","pegeo",0.0167896305088899
"2110","REF","pehyd",0.0268968448413396
"2110","REF","pewin",0.191020874773668
"2110","REF","pesol",0.165493457862048
"2110","REF","pebiolc",0.179367236850065
"2110","REF","pebios",0
"2110","REF","pebioil",4.38118044E-5
"2110","CAZ","peoil",7.57326487193126E-7
"2110","CAZ","pegas",0.0411712616337991
"2110","CAZ","pecoal",0.00460103639368243
"2110","CAZ","peur",0
"2110","CAZ","pegeo",0.00569432296315785
"2110","CAZ","pehyd",0.053875302
"2110","CAZ","pewin",0.176429810635712
"2110","CAZ","pesol",0.114681657909801
"2110","CAZ","pebiolc",0.0873193782811363
"2110","CAZ","pebios",0.0017240942628
"2110","CAZ","pebioil",0.0002164042608
"2110","CHA","peoil",2.34643848502459E-7
"2110","CHA","pegas",0.102211573300029
"2110","CHA","pecoal",0.0736522440043723
"2110","CHA","peur",0.000125497878657647
"2110","CHA","pegeo",0.0592280867705681
"2110","CHA","pehyd",0.151856954636439
"2110","CHA","pewin",0.663112103118802
"2110","CHA","pesol",0.730114229071857
"2110","CHA","pebiolc",0.601366209803722
"2110","CHA","pebios",0.00428085
"2110","CHA","pebioil",0.0007408198014
"2110","IND","peoil",0.074672648622438
"2110","IND","pegas",0.0896482304440742
"2110","IND","pecoal",0.512230880359484
"2110","IND","peur",0.00111518746422599
"2110","IND","pegeo",0.0812990562042274
"2110","IND","pehyd",0.028171193769307
"2110","IND","pewin",0.853284392025
"2110","IND","pesol",1.93951427947562
"2110","IND","pebiolc",0.104113530059432
"2110","IND","pebios",1.32700008E-5
"2110","IND","pebioil",2.65526856E-5
"2110","JPN","peoil",0
"2110","JPN","pegas",0.0091442233835703
"2110","JPN","pecoal",0.0123315574360454
"2110","JPN","peur",0
"2110","JPN","pegeo",0.00420971379203368
"2110","JPN","pehyd",0.00910274257232753
"2110","JPN","pewin",0.119076844856695
"2110","JPN","pesol",0.0260612065923062
"2110","JPN","pebiolc",0.0793427413459008
"2110","JPN","pebios",0
"2110","JPN","pebioil",0
"2110","USA","peoil",1.16270604941525E-8
"2110","USA","pegas",0.0299189575200527
"2110","USA","pecoal",0.0182813477608059
"2110","USA","peur",0
"2110","USA","pegeo",0.0293566264222889
"2110","USA","pehyd",0.0342677709946084
"2110","USA","pewin",0.708174672201074
"2110","USA","pesol",0.773648607345035
"2110","USA","pebiolc",0.449218912559313
"2110","USA","pebios",0.04965786
"2110","USA","pebioil",0.0101472
"2130","LAM","peoil",3.16577140848114E-7
"2130","LAM","pegas",0.0720105755070364
"2130","LAM","pecoal",0.0227734171998473
"2130","LAM","peur",0
"2130","LAM","pegeo",0.0364973619986493
"2130","LAM","pehyd",0.095244712153152
"2130","LAM","pewin",0.724530575731434
"2130","LAM","pesol",0.65826417940051
"2130","LAM","pebiolc",0.605246169043609
"2130","LAM","pebios",0.0489644536248
"2130","LAM","pebioil",0.012400090857
"2130","OAS","peoil",1.18170383711129E-7
"2130","OAS","pegas",0.123424461014049
"2130","OAS","pecoal",0.0495289229550802
"2130","OAS","peur",0
"2130","OAS","pegeo",0.0934945457247409
"2130","OAS","pehyd",0.018888987582367
"2130","OAS","pewin",1.38394846657367
"2130","OAS","pesol",1.7250803745704
"2130","OAS","pebiolc",0.89571846371845
"2130","OAS","pebios",7.9658691E-6
"2130","OAS","pebioil",0.002057833134
"2130","SSA","peoil",0.122858126265955
"2130","SSA","pegas",0.238800936616716
"2130","SSA","pecoal",1.06750813807684
"2130","SSA","peur",0
"2130","SSA","pegeo",0.211458160614333
"2130","SSA","pehyd",0.0516752352304295
"2130","SSA","pewin",2.304524254525
"2130","SSA","pesol",4.63394325435203
"2130","SSA","pebiolc",0.723859306598973
"2130","SSA","pebios",2.6553954E-6
"2130","SSA","pebioil",0
"2130","EUR","peoil",5.55361412148378E-9
"2130","EUR","pegas",0.0271303551406332
"2130","EUR","pecoal",0.0232660938086864
"2130","EUR","peur",0
"2130","EUR","pegeo",0.0578165989376586
"2130","EUR","pehyd",0.0376311026489453
"2130","EUR","pewin",0.703980469159212
"2130","EUR","pesol",0.39782345418093
"2130","EUR","pebiolc",0.329872785266935
"2130","EUR","pebios",0.01398411
"2130","EUR","pebioil",0.0431415317382
"2130","NEU","peoil",7.01362903194363E-8
"2130","NEU","pegas",0.0115921016906746
"2130","NEU","pecoal",0.0221032289958474
"2130","NEU","peur",0
"2130","NEU","pegeo",0.00626626691898505
"2130","NEU","pehyd",0.0276293485035152
"2130","NEU","pewin",0.138630889607386
"2130","NEU","pesol",0.0862164780394808
"2130","NEU","pebiolc",0.0803440580879438
"2130","NEU","pebios",1.19492793E-6
"2130","NEU","pebioil",1.85868165E-5
"2130","MEA","peoil",7.81912538902515E-7
"2130","MEA","pegas",0.225893141256916
"2130","MEA","pecoal",0.285217023557672
"2130","MEA","peur",0
"2130","MEA","pegeo",0.0696352636290048
"2130","MEA","pehyd",0.00512181494011818
"2130","MEA","pewin",1.09507548289212
"2130","MEA","pesol",1.71193617757613
"2130","MEA","pebiolc",0.310361708690502
"2130","MEA","pebios",0
"2130","MEA","pebioil",0
"2130","REF","peoil",4.52483843931772E-7
"2130","REF","pegas",0.165903252531481
"2130","REF","pecoal",0.0197872704947516
"2130","REF","peur",0
"2130","REF","pegeo",0.021595105109591
"2130","REF","pehyd",0.0292784199618946
"2130","REF","pewin",0.316154066624024
"2130","REF","pesol",0.294643161285766
"2130","REF","pebiolc",0.305651563829467
"2130","REF","pebios",0
"2130","REF","pebioil",4.38118044E-5
"2130","CAZ","peoil",5.78289564041955E-7
"2130","CAZ","pegas",0.0142212000556428
"2130","CAZ","pecoal",0.00460124831364108
"2130","CAZ","peur",0
"2130","CAZ","pegeo",0.00604061206176296
"2130","CAZ","pehyd",0.0497082948055978
"2130","CAZ","pewin",0.182633307655116
"2130","CAZ","pesol",0.120100160132039
"2130","CAZ","pebiolc",0.0996604254081009
"2130","CAZ","pebios",0.00167641370965034
"2130","CAZ","pebioil",0.0002164042608
"2130","CHA","peoil",1.98235436266864E-7
"2130","CHA","pegas",0.0845885968379854
"2130","CHA","pecoal",0.0682222824022807
"2130","CHA","peur",0
"2130","CHA","pegeo",0.040932088192236
"2130","CHA","pehyd",0.0438528449986535
"2130","CHA","pewin",0.694024240469518
"2130","CHA","pesol",0.746603325136688
"2130","CHA","pebiolc",0.532292938752296
"2130","CHA","pebios",0.00428085
"2130","CHA","pebioil",0.0007408198014
"2130","IND","peoil",5.78289564041955E-7
"2130","IND","pegas",0.0687319248966053
"2130","IND","pecoal",0.410733111874317
"2130","IND","peur",0
"2130","IND","pegeo",0.0830880991002147
"2130","IND","pehyd",0.0203435151592468
"2130","IND","pewin",0.853284392025
"2130","IND","pesol",1.94145289472661
"2130","IND","pebiolc",0.178806660454972
"2130","IND","pebios",1.32700008E-5
"2130","IND","pebioil",2.65526856E-5
"2130","JPN","peoil",0
"2130","JPN","pegas",0.0075705445191282
"2130","JPN","pecoal",0.0110798634173859
"2130","JPN","peur",0
"2130","JPN","pegeo",0.00375972257324696
"2130","JPN","pehyd",0.0085598768189068
"2130","JPN","pewin",0.102510283834624
"2130","JPN","pesol",0.0268618416495451
"2130","JPN","pebiolc",0.0788816372553533
"2130","JPN","pebios",0
"2130","JPN","pebioil",0
"2130","USA","peoil",0
"2130","USA","pegas",0.0218409806855022
"2130","USA","pecoal",0.0182807045529684
"2130","USA","peur",0
"2130","USA","pegeo",0.0354357132482832
"2130","USA","pehyd",0.0321971926894412
"2130","USA","pewin",0.672662114143604
"2130","USA","pesol",0.800849851006214
"2130","USA","pebiolc",0.465771904130189
"2130","USA","pebios",0.04965786
"2130","USA","pebioil",0.0101472
"2150","LAM","peoil",0
"2150","LAM","pegas",0.0466359888843055
"2150","LAM","pecoal",0.0167167725934729
"2150","LAM","peur",0
"2150","LAM","pegeo",0.0310478559048064
"2150","LAM","pehyd",0.0750087036715485
"2150","LAM","pewin",0.593359798986152
"2150","LAM","pesol",0.556670676815131
"2150","LAM","pebiolc",0.476779375846386
"2150","LAM","pebios",0.0489644536248
"2150","LAM","pebioil",0.012400090857
"2150","OAS","peoil",0
"2150","OAS","pegas",0.110165518545946
"2150","OAS","pecoal",0.0275603104617709
"2150","OAS","peur",0
"2150","OAS","pegeo",0.0824121012590833
"2150","OAS","pehyd",0.0133176990436968
"2150","OAS","pewin",1.11631704180812
"2150","OAS","pesol",1.46338918188067
"2150","OAS","pebiolc",0.888956871324517
"2150","OAS","pebios",7.9658691E-6
"2150","OAS","pebioil",0.002057833134
"2150","SSA","peoil",0.0782616285082175
"2150","SSA","pegas",0.201036144420393
"2150","SSA","pecoal",0.744022289412372
"2150","SSA","peur",0
"2150","SSA","pegeo",0.197991480134015
"2150","SSA","pehyd",0.019850472
"2150","SSA","pewin",2.12899302347815
"2150","SSA","pesol",4.09036037684373
"2150","SSA","pebiolc",0.964215567691612
"2150","SSA","pebios",2.6553954E-6
"2150","SSA","pebioil",0
"2150","EUR","peoil",0
"2150","EUR","pegas",0.0213467469264412
"2150","EUR","pecoal",0.021830304870524
"2150","EUR","peur",0
"2150","EUR","pegeo",0.0587060450843244
"2150","EUR","pehyd",0.0376311026489453
"2150","EUR","pewin",0.632305188038819
"2150","EUR","pesol",0.36240643132093
"2150","EUR","pebiolc",0.313826372382016
"2150","EUR","pebios",0.0155379
"2150","EUR","pebioil",0.0431415317382
"2150","NEU","peoil",0
"2150","NEU","pegas",0.00767099482321027
"2150","NEU","pecoal",0.0174412979630667
"2150","NEU","peur",0
"2150","NEU","pegeo",0.00628871669528975
"2150","NEU","pehyd",0.0327297157754351
"2150","NEU","pewin",0.113001327237337
"2150","NEU","pesol",0.0730812424636916
"2150","NEU","pebiolc",0.0752944351864228
"2150","NEU","pebios",1.3276977E-6
"2150","NEU","pebioil",1.85868165E-5
"2150","MEA","peoil",5.78289564041955E-7
"2150","MEA","pegas",0.0644695176164108
"2150","MEA","pecoal",0.212390157602061
"2150","MEA","peur",0
"2150","MEA","pegeo",0.0692316945582891
"2150","MEA","pehyd",0.0053272875
"2150","MEA","pewin",0.984115362334277
"2150","MEA","pesol",1.56983719112442
"2150","MEA","pebiolc",0.388128766618692
"2150","MEA","pebios",0
"2150","MEA","pebioil",0
"2150","REF","peoil",5.78289564041955E-7
"2150","REF","pegas",0.0154966040704088
"2150","REF","pecoal",0.0197927074020803
"2150","REF","peur",0
"2150","REF","pegeo",0.0225307123382684
"2150","REF","pehyd",0.0268968448413396
"2150","REF","pewin",0.354625311560339
"2150","REF","pesol",0.347983846354706
"2150","REF","pebiolc",0.274373580168807
"2150","REF","pebios",0
"2150","REF","pebioil",4.38118044E-5
"2150","CAZ","peoil",5.78289564041955E-7
"2150","CAZ","pegas",0.00519513738899417
"2150","CAZ","pecoal",0.00444694268831179
"2150","CAZ","peur",0
"2150","CAZ","pegeo",0.00710097254218015
"2150","CAZ","pehyd",0.0446181925695122
"2150","CAZ","pewin",0.164305344154442
"2150","CAZ","pesol",0.124758567969331
"2150","CAZ","pebiolc",0.0995067428290777
"2150","CAZ","pebios",0.0017240942628
"2150","CAZ","pebioil",0.0002164042608
"2150","CHA","peoil",0
"2150","CHA","pegas",0.0581440829067042
"2150","CHA","pecoal",0.0371687462063097
"2150","CHA","peur",0
"2150","CHA","pegeo",0.045026206841888
"2150","CHA","pehyd",0.0438528449986535
"2150","CHA","pewin",0.623554249411329
"2150","CHA","pesol",0.669906004539691
"2150","CHA","pebiolc",0.430997448986755
"2150","CHA","pebios",0.00428085
"2150","CHA","pebioil",0.0007408198014
"2150","IND","peoil",1.11703889408869E-6
"2150","IND","pegas",0.0450686539585505
"2150","IND","pecoal",0.317366642283712
"2150","IND","peur",0
"2150","IND","pegeo",0.0793902519689214
"2150","IND","pehyd",0.0123469001922618
"2150","IND","pewin",0.746682211434154
"2150","IND","pesol",1.70687290610829
"2150","IND","pebiolc",0.192377329056978
"2150","IND","pebios",1.32700008E-5
"2150","IND","pebioil",2.65526856E-5
"2150","JPN","peoil",0
"2150","JPN","pegas",0.00445070527654549
"2150","JPN","pecoal",0.0106671649128664
"2150","JPN","peur",0
"2150","JPN","pegeo",0.00259017500173221
"2150","JPN","pehyd",0.0111078013765582
"2150","JPN","pewin",0.0883996605929261
"2150","JPN","pesol",0.0268618298833815
"2150","JPN","pebiolc",0.073103025631406
"2150","JPN","pebios",0
"2150","JPN","pebioil",0
"2150","USA","peoil",0
"2150","USA","pegas",0.0178527722963647
"2150","USA","pecoal",0.0168378294761611
"2150","USA","peur",0
"2150","USA","pegeo",0.0386923478269225
"2150","USA","pehyd",0.0321971926894412
"2150","USA","pewin",0.647840172137251
"2150","USA","pesol",0.829585953618319
"2150","USA","pebiolc",0.450015997239453
"2150","USA","pebios",0.04965786
"2150","USA","pebioil",0.0101472
